text,time
"왜 도대체 여기서 후회라는 단어가 나오는거지?? 후회는 자신의 행동이 후회가 되었을때 말하는건데

진짜 다시봐도 항상 생각하지만 u20 국.가.대.표 여러분들 당신들은 후회할 자격도 없습니다. 한달반동안 5천만이 넘는 대한민국 국민들에게 기쁨과 환희를 안겨준것만으로도 당신들은 이미 그들의영웅입니다. 절대 고개숙이지 마시고 앞으로 우리나라에게 더 큰 즐거움을 주는 크나큰 선수로 성장할때까지 묵묵히 뒤에서 응원하겠습니다.",5년 전
정말 감사합니다 ^^,5년 전
이강인 이렇게보니깐 ㅈㄴ잘생겼네ㅋㅋ,5년 전
나만 이광연이랑 김승규 닮은 거 같나,5년 전
다른 선수들도 정말 소신있고 최선을 다했다고 느껴진다 이 샛별들이 멋지게 날개를 펼칠 수 있도록 항상 응원하겠다 감사해요,5년 전
이강인이  진심으로 많이 뛰어주고 정든 형들에게 감사하는 마음이 크고 뭔가 찡한게 있나보다  눈가가 촉촉해지는게 팀이랑 헤어지기가 시원 섭섭하고 후련하고 아쉽고 그런가보다  ㅜ,5년 전
"잠못자면서 응원했는데 2002년생각도나고 감동입니다 ㅠ
자책하지마세요
값진 준우승 고마워요
한달동안 행복했습니다",5년 전
강인아 내년에 도쿄 올림픽에서 보자!!!!,5년 전
이강인 선수의 인터뷰에 평소 생각과 행동들이 녹아있네요. 축구 실력이 단순 운동 신경 뿐만 아니라 머리속에서 나오는 것 같습니다. 아직 어리지만 단단한 몸과 마음가짐을 보니 정말 대단한 선수로 성장할 것 같습니다. 대단합니다.,5년 전
"제발 부담좀 안줬으면 좋겠다ㅎ 이강인이 엄청 잘하는건 맞지만 메시와 호날두와 비교대상도 안될뿐더러 나이가 어리기 때문에 저런 세계적인 선수로 거듭나려면 혼자 내버려두고 팬들은 뒤에서 응원해주는게 최고다ㅎ 인터뷰하는데 아시아 최초로 골든볼받았네, 이강인 신드롬이네 어쩌네 주위사람들 덕분이라고 계속 계속 얘기하는데 할말없다잖아;;; 부담주지말고 스스로 자라게 내버려두자 제발",5년 전(수정됨)
누가 가장 잘했냐 이건 없는거 같아요 진짜 팀전체가 너무 열심히 해주고 잘 해주고  간절함이 보였던거 같아요 준우승이라는 업적이 결코 쉬운게 아닌만큼 한국 와서는 푹 쉬고 최고의 선수가 되시기를 원합니다ㅎㅎ,5년 전
준우승의 참뜻은 자기위로 하나만 있다는 뜻이다.,5년 전
이강인 선수 형형 거리는거 왜이렇게 귀엽고 훈훈하냐 ㅋㅋ 멘탈 좋다,5년 전
와 어린나이부터 주변을 챙기네.. 보기 흔치 않은 성품이다.,5년 전
사실 이강인은 u20 한번더 가능,5년 전
걍 인성부터 우승이다,5년 전
이강인 선수 눈빛이 너무 좋아요. 소년같기도 하고 남성적이기도 하고 깊고 맑고..축구를 잘 알지는 못하지만 인터뷰 하는것 보면서 인간적으로 너무 응원하게 되었어요. 미래가 기대되요 화이팅,5년 전
"우승을 못했다가 아니고
준우승이나 했다가 맞다.
2002년 때문에 눈만 높아져서 다들 한국을 높아 평가하는데
우리는 아시아 최고가 되기 전까지 도전자다.
대한민국 자랑스러워 유후",5년 전
피파 주관 최초 결승 진출 준우승이면 충분히 결과 좋은거  선수들 고생하셨습니다  골든볼 지렸습니다 강인선수,5년 전
... 유럽스타일의 축구에 한국인스러운 겸손함을 갖추었네...   겸손함도 고급스럽다.,5년 전
0:47 여민지 선수도 2010년 u17 월드컵 골든볼 수상자입니다. 남자 최조로 수정 부탁드려요,5년 전
정말로 월드컵 경기를 보는 기간동안 정말로 행복했고 꿈만 같은 시간이었습니다. 모든 선수들에게 정말로 감사합니다! 이 시대에 태어나 이 역사적인 순간을 함께 할 수 있어 영광이었습니다. 선수들 고생 많이 하셨고 앞으로 잘 성장해서 대한민국 축구의 새역사를 다시 써주시길 바랍니다!,5년 전
"당연하지  광고에 혼자 상받고 스포트라이트도 몰빵인데
함께 고생한 팀은 뭐냐?",5년 전
"축구감동, 인성감동ㅎㅎ
사람도 좋은데 ㅠㅠ실력도 좋아",5년 전
진짜 멘탈 갑이네요. 결승 페널티킥도 흥분않고 골키퍼를 속일 정도면..,5년 전
자 이제 내가 월드컵 나갈 준비한다 기대해라 애들아,5년 전
"우승보다 더 큰것을 느끼고 배웠어요~♡
그간 고생 많았고 열심히 버텨주고 해내주어 감사했습니다^^",5년 전
강인이는 보면 볼수록 매력 있네요,5년 전
아주 멋진 아기호랑이  best of best player. 이강인  멋집니다,5년 전
역대급이다,5년 전
월드컴 3개월전 밴투 나가고 정정용 들어온다,5년 전
"야 깡기리 와,, 멘탈에 인성에 그 나이에 내가 참 부끄러워지고 배운다 그런 부분.",5년 전
한국 인 최초 골든볼 역사를 쓰는구나 대한민국에 진짜 세계 레전드 선수 한명 나오네,5년 전
아시아 최초 아닌걸로 알고있어요 2003년에 uae의 이스마일 마타르 선수 있어요,5년 전
주장이 괜히 주장이 아니네요 말도 잘하고 든든해요,5년 전
황태현 짱!,5년 전
긍정적이고 귀엽고.. 이강인 입술마저 입덕하게 만드는 포인트다,5년 전
고생 많았습니다! 우리에겐 월드컵이 있잖아요ㅋ,5년 전
아쉽지만.. 앞으로 발전 하기 위해선.. 우승보다   값진 준우승 일수도  있겠네요..  애국당 이 광화문 불법 점거만  안했어도..   선수들에게  국민들의 기를  불어넣었을텐데..ㅠㅡ,5년 전
원팀!  당신들은 우리나라 최고의 성과를 이뤄내신 분들입니다. 앞으로도 이대로의  모습을 보여주세요.,5년 전
"우리나라에서 골든볼 나왓다는게 정말 뿌듯하다.아시아, 한국 최초라니ㅠㅊㅋㅊㅋ",5년 전
골든볼 아시아최초 이강인 아닌데,5년 전
후회라는 단어는 어울리지않습니다 대한민국 역사상 누구도 해내지 못한것을 여러분이 해냈습니다. 말그대로 자부심느끼며 귀국하세요~ 미래가 기대됩니다,5년 전
기자들 질문이 이강인 너가 잘했다 너가 잘했다라고 하고 이강인은 모두가 잘했다 모두가 잘했다고 대답하는데 정말 진심으로 느껴진다.,5년 전(수정됨)
2년후에는  주장으로   열심히  화이팅,5년 전
강인이 보면 왜케 오지냐 ㅋㅋㅋㅋ,5년 전
우승은못했지만 역사를썻다,5년 전
후회는 무신... 2등도 잘했지... 세계 2등은 아무나하나?,5년 전
"형이 경기 지고서 진짜 존나 욕 많이했거든?
너 인터뷰보고 사과할께
형이 잘못했다. 반성한다!미안하다!!진심으로 앞으로 욕안하께 약속 꾹!!!",5년 전
이강인 선수는 성인이 되서도 걱정이 안됩니다. 멘탈이 남다른것 같아요,5년 전
"이강인 선수는 인성도 멋지네 ,,
이번 U-20 선수들 모두 마인드가 훌륭한 거 같아요",5년 전
자자 이제 시작이다 애들아 수고했다 부상조심하고 화이팅,5년 전
제발 김정민 욕 좀 하지마라 아휴!!!,5년 전
"동네 운동장 나가서 4분동안 전력질주도 못하면서 제발입 놀리지 마세요. 

충분히 잘했고 감사합니다. 라는 생각 좀 가져 쫌!!!",5년 전
"언론에 부탁하고 싶습니다
이강인과 메시 또는 호날두랑 비교하지 말았으면해요
그리고 이강인 선수의 스타일은 그 두선수와 다르고요


이강인 선수는 우리나라의 소중한 볼배급을 담당할거라고 봅니다


그게 카트르가 아니라고 해도 그 다음을 위해서도
그냥 지켜봐주세요 언론님들아 
그가 가장 높게 성장 할수 있게",5년 전
형바보,5년 전
말할때마다감사함에  울컥울컥하는듯 그만질문해라임마,5년 전(수정됨)
아니근데ㅋㅋ이강인ㅋㅋㅋㅋ반복재생틀어놨냐ㅋㅋㅋㅋㅋㅋㅋㅋㅋㅋㅋㅋㅋ,5년 전
전력이 약하면 키우면 되고 수비가 약하면 또 노력하고 경험하면 되고 이강인선수 실력에 감탄했지만 같이 뛰는 우리선수들 또한 가능성을 보여줬다고 생각합니다 멋집니다 자랑스럽습니다 ㅎㅎ 항상 마인드컨트롤 잘 해서 좋은 모습 많이 보여줬으면 좋겠습니다 자랑스럽습니다 !!,5년 전
국민의 관심이 강인이에게 부담이될까 걱정ㅠ,5년 전
이강인 덕분에...2강 in,5년 전
딴선수들은 술한잔할텐데 강인이만 못하노,5년 전
할말하고 자기소신잇고 실력도있고 어린나인데 어찌이래 어른스럽은지 많은힘듬도잇엇을것이고 순탄치안앗을텐데 당당함과 여유 위에사람들을 존경할하는 말을 하는거보니 정말이런아들을 키워낸 어른들이 얼마니뿌듯하실지 !! 이강인선수앞으로도 방송이전부가아닌 본인의모습을 꼭잘키워내는 선수가되기를,5년 전(수정됨)
슛돌이 때 조그만 한 애가 이정도로 커서 의젓해진게 내가 애는 없지만 뭔가 내 자식이 큰것 처럼 흐뭇한 느낌이 든다 ㅋㅋ 손흥민 이승우랑 다르게 이강인은 뭔가 계속 정이 감,5년 전
0:15 손흥민 너무 닮았는데..?,5년 전
이강인은 스페인어를 더 잘하는 걸로ㅋㅋㅋ,5년 전
다들 왜이렇게 순하고 착해ㅠㅠㅠ💕,5년 전
"https://m.tuttosport.com/sondaggi/calcio/golden-boy/2019/06/14-57979008/vota_il_golden_boy_2019_le_100_nomination/risultati.html
골든보이 투표 해 주세요 53번 이강인입니다",5년 전
우리 애기 호랑이들ㅠㅠ축하해!!!,5년 전
후회할 성적이 아닌데 무슨 후회를 하노~~~한국축구 역사에 남았는데.몇십년 지나도 계속 회자 될거다 2019년 결승.골든볼 이강인,5년 전
"와
진심
멋있다.
가즈아 앞으로 ㅋㅋ",5년 전
제일하고 싶은게 '형들이랑 이야기하고 장난치고 노는거에요' 란다.    이선수들 이뻐서 어뜨카나요 ?,5년 전
제발 질문좀 저따구로 안했으면 좋겠다...몇번째야,5년 전
말도 너무 이쁘게 한다. 아직도 너무 이쁘다..,5년 전
사랑스럽다 사람이 ㅋㅋ 왜케 기욥냐ㅠㅠㅜ,5년 전
"손흥민 박지성 이강인 
 눈 존 똑 닮음 진심",5년 전
진정 즐겨주고 받아들이는 모습이 마음아프게 미안하고 슬퍼하는모습보다 훨씬 큰 기쁨을 주는것 같습니다,5년 전
"다들 고생하셧습니다.
그리고 강인아..ㅠ 갠적인 팬으로써 기대가되는건 어쩔수가없다... 항상 몸조심하고 화이팅♥",5년 전
"진짜 축구소설 주인공같다 호날두,메시랑 같은 선에서 뛰는 선수가 되었으면..",5년 전
"멋있다..보통 좋은성과를 냈어도, 경기에 졌다고 죄송하다고 하기도 하는데, 이강인선수는 ""후회하지 않는다. 자부심을 갖겠다""고 말하는 그 당당함. 그런 탈아시아급 멘탈력이 선수들에게 좋은 영향을 주었을것 같다. 10살때 스페인가서 생활 문화가 다르게 컸을텐데, 국내파형들과 스스럼없이 잘어울리는게 신기하네..친화력 좋다 국대가서도 잘하겠지ㅎㅎ또한, 영상에 나오는 엄원상  이광연 황태현 모두들 대단한거 같다. 그 외 선수들도 모두 발전하는 계기가 되었으니 다음번에 더 좋은 모습으로 뵙길 희망한다!!!!!",5년 전(수정됨)
앞서 아시아에서 준우승한 카타르와 일본은 결승서 둘다 4대0으로 쳐발렸지만 우리는 그렇게 발리진않음,5년 전
"https://m.tuttosport.com/sondaggi/calcio/golden-boy/2019/06/14-57979008/vota_il_golden_boy_2019_le_100_nomination/

이강인 골든보이 후보 (현재 2위)",5년 전
옆모습 손흥민선수 닮았다...,5년 전
손흥민이랑 마인드가 비슷한듯... 팀워크 중요시하는 거 너무 보기좋아..,5년 전
강인이형ㅠㅠㅠㅠㅠㅠㅠㅠㅠㅠㅠㅠㅠ,5년 전
"강인아
형들에게 그만 예의갖춰라
너무 과하다
너 실력으로 너가받은상이야
형들"" 이란 단어가 20번 나오네ㅠ
다음 인터뷰때는 동료선수"" 라고
말하거라",5년 전(수정됨)
"진짜 강인이 멘탈은 한국말로 진국이다~~
얼마나 스페인에서 경쟁하면서 축구를 했을까싶다~~
마인드 자체가  똑부러져서
앞으로 더 성장할것이다~",5년 전
👍🏾👍🏾👍🏾👍🏾,5년 전
강인아 니가 짱먹어,5년 전
덮강인 미쳣다 진짜 ㅜㅜ 다들 수고하셨습니다 이강인 사랑해💜💜,5년 전
"https://m.tuttosport.com/sondaggi/calcio/golden-boy/2019/06/14-57979008/vota_il_golden_boy_2019_le_100_nomination/
53번 이강인 뽑아주세요!!!!",5년 전
머야 ㅋㅋ 강인이 왤케 기여워 ㅋㅋㅋ,5년 전
기자님아....도대체 귀가 막히셨냐? 저보다는 옆에서 많이 뛰어준 형들. 코칭스태푼들께 고맙다고....다른것 보다는....저보다는 엎에서 많이 뛰어준 형들. 코칭스탭분들께 감사하고 후회는 없고 저 보다는 옆에서 형아들이 열심히 뛰어주셨고 코칭스태푼들께 감사하고....형아들이랑 놀게 슛돌이 좀 보내줘~~~~~♡♡♡,5년 전
엄원상 전혀 안부족했다  엄원상은 항상 제 몫해줬다 앞으로 더 성장하길~^^,5년 전
행복회로 자꾸 그려진다...ㅋㅋ,5년 전
"수고했다.대한민국
자랑스럽다.대한민국
고개 들어라.대한민국
멋있는  경기 였다.대한민국
모든 선수들 멋있는 결승전 보여줘서 고맙습니다!!",5년 전(수정됨)
후회 할게 없고 오히려 많은 것을 배웠지 웃자 웃어 이제 성인대표팀에 합류하자,5년 전
나중에 강인 우영 승호 승우 라인 진짜 설레네,5년 전
후회좀 하지! 우승의 기회를 놓쳤는데,5년 전(수정됨)
"강인아 내생에 FIFA결승전이라니 
고맙다 부상없이 훨훨날길",5년 전
충분히 잘했고 충분히 노력했다고 생각합니다 애기호랑이들 이런 좋은 명경기들 볼 수 있게 해주셔서 정말정말 감사합니다,5년 전
실력도 인성도 킹이다 진짜 ㅋㅋㅋㅋㅋ,5년 전
진짜 인터뷰 내내  자신보다는 무조건적으로 형들 코치님 감독님 저보다는~ 이거부터 늘 매 인터뷰마다 항상 잘챙기고 아껴주는게 보이는것같다.. 자신도 자신의 대한 부담감이 많았을텐데 최고네요,5년 전
아시아최초 골든볼은 아니에요 우즈베키스탄 선수가 2003년도에 아시아최초로 받았어요,5년 전
전문가들은 우리가 최약체라고 판단했지만 준우승이라는 대이변을 일으켜낸 우리 u20선수들 수고하셨습니다!,5년 전
"FIFA U-20 World Cup 대한민국 팀의 준우승을 축하드립니다 !

 대한민국 축구역사의 새 길을 개척하고 전진한 선수들의 노고를 격려하고 치하합니다  국민들에게 희망을 주는 플레이와 경기를 즐기는 모습을 보여줘 감사합니다. 

  무엇보다도 선수들 자신에게 아쉬움이 더욱 크겠지만, 좀 더 성장해서 세계일류의 선수로 대성하길 바라는 마음으로 노파심에 몇 자 적어보고자 합니다. 
선수들 당사자와 코칭 스태프 및 관계자들 그리고 열렬한 대한민국 축구팬들의 너그러운 양해를 바랍니다.

1). 
2).",5년 전
"근데 진짜 내가 한국이 결승에가서 뛰는 거 볼수 있을까 했는데...진짜 결승간 것만으로도 대단하고 장합니다!!그리고 감사합니다!!
그리고 이강인 선수 골든볼 축하드리고
이강인선수를 비롯한 u20대표팀 선수분들 고생하셨고 준우승 축하드립니다!!
이강인 선수는 가장 하고싶은 형들과 이야기하고 장난치셨기를 빕니다~💖💖👍👍
🇰🇷🇰🇷🇰🇷🇰🇷🇰🇷🇰🇷🇰🇷🇰🇷🇰🇷🇰🇷🇰🇷🇰🇷🇰🇷🇰🇷🇰🇷🇰🇷",5년 전
당당하고 멋있다 마인드가 완전 난데?,5년 전
빛광연!! 빛광연!!!!,5년 전
우는선수가 많지 않다는게 질문인가;;;,5년 전
멋지다!!,5년 전
강인아 나 쌀 거 같앙,5년 전
말투에 당당함이보기좋다,5년 전
이쁘다 후회 안해요!!!,5년 전
아니 우승못했다고 말하는 ㅅㄲ들이 젤 싫음. 니네가 살아 생전에 피파 월드컵 결승전에 가서 보는게 얼마나 영광인건지 모르냐? 준우승이 어디야 ㅉㅉ,5년 전
2명정도빼고는 모두다 최고의기량으로 수고하셨습니다,5년 전
"후회하지 않을 정도로 경기 뛰어준 것 만으로도 고맙고 자랑스럽습니다! 항상 팀을 챙기면서 겸손함과 좋은 팀워크 보여준 선수들, 앞으로도 이렇게 잘 맞는 팀이 나올 수 있을까하는 생각이 드네요 정말 정말 고생 많으셨고 준우승이라는 좋은 결과도 남겼으니 편하게 쉬세요~ 그리고 지금 보다 더 뛰어난 기량을 가진 선수들이 될거라 믿고 응원합니다! 선수들 수고하셨어요 경기하시는 내내 기쁨을 주셔서 감사합니다 !!",5년 전
당연히 그렇겠지 우승은 못했지만 넌 혼자만 스포트라이트 다 받고 광고 계약에 상도 받았잖아,5년 전
화이팅~!!! 너무너무 고마워♡♡,5년 전
앞으로 채워나갈 부분을 발견했기에 값진 결승전. 꼭 월클로 성장하길,5년 전
강인씨 말 들으니깐 축구보는동안 다른선수들 비판했던게 정말 미안하네요 다들 너무 고생했고 앞으로도 좋은 모습 부탁드립이다. 그리고 열심히 경기에 임해주셔서 감사합니다.,5년 전
잘했어요!결승전보는자체가 큰 축제였어요!고생했어요~~~~~~♡,5년 전
수고했어요 대표팀~~~~~~~~~~~~ 12:10으로 결승전 하느라 ㅎㅎㅎㅎㅎㅎㅎㅎㅎㅎㅎㅎㅎㅎㅎㅎㅎㅎㅎㅎㅎㅎㅎㅎㅎㅎㅎㅎㅎ강인아 2년후에는 최고참으로 뛸수있으니 그때 또 화이팅~그땐 어슬렁거리는애 없을테니까 ㅎㅎㅎ,5년 전(수정됨)
100년뒤에도 FIFA주관하는대회 결승 못본다  고로 우리는 황금세대에 살아가는것이라본다,5년 전
2:33 술먹는거구먼,5년 전
귀여워 ㅋㅋㅋㅋㅋㅋ,5년 전
진짜 겸손하다...,5년 전
개멋있다,5년 전
U20한번더  출전  할 기회가있는선수도있고  그렇지않은선수 행복한 추억  축하합니다,5년 전
"선수단 다들 너무 멋집니다!!! 충분히 휴식하시고, 선수들끼리 관광하고 그러는 시간 있었으면 좋겠네요ㅎㅎ 덕분에 U-20 기간동안 너무 행복했습니다!!",5년 전
강인인 말도 잘해~,5년 전
"서로가 서로를 격려하고 보기좋다. 
선수들이 아쉽지만 후회하지 않는다고 하는데
국민들이 뭐라고 할 이유가 없죠..
그리고 우승은 본인들이 제일 하고 싶었을거니까 다 이해되고 늘 응원합니다. 

한국 축구 화이팅 이강인 겸손함 감동.....😭",5년 전
결과가 어떻게 됐든 후회없으면 된겁니다!,5년 전
"이강인 선수 이 영상 넘 잘생겨보인다.. 강인선수의 겸손과 긍지, 실력에 앞으로의 모습도 너무 기대되네요 모든 선수분들 수고 많으셨습니다!",5년 전
오 이규혁인가 잘생김,5년 전
와 우리나라가 준우승을 하다니 개쩐다...ㄷㄷ,5년 전
2002봤고 결승전도 봤고 다시볼수 있을까?..,5년 전
준우승은잘한거다 왜냐 미래에 다른유망주들이우승을목표로 연습할것이니우승을 했으면 최초가아니니ㅎ,5년 전
이강인 의젓하다! 멋지네~~,5년 전
우리선수들 국민들께 많은 힘을 주셨습니다. 젊은이다운 기상도 의식도 멋지게 느꼈습니다. 자신감보다는 자존감이 높아 쉽게 무너지지않았던것도 같습니다. 감사합니다.고맙습니다~,5년 전
2:03 TMI긴 한데 아시아 최초 골든볼은 2003년에 UAE 선수가 먼저였습니다 ㅎ,5년 전
강인이형 잘생겼어,5년 전
잘난 개보인지쿠보는레알유니폼판매하러갔냐?,5년 전
이강인은 후회 안해도 됨 이강인 없었으면 16강도 못갈게 팩트임 ㅋㅋ,5년 전
이강인 선수의 이름뜻 2강in  2강 안으로 든다,5년 전(수정됨)
우리 선수들 정말 자랑스럽습니다 연일 대한민국이 화제가되고 세계를 놀래킨 어기 호랑이들 앞으로도 꽃길만 가득하길 바랍니다 제발 군면제 시켜줘요,5년 전
우린 우크라이나에게 패배한 것이 아니라 준우승을 한 것이다,5년 전
"아니 근데 너희들 왜이리 말을 잘해요? 청소년인게 믿기질 않네 ,,",5년 전
이강인선수 존경합니다. 살아있는 위인이십니다..,5년 전
물것많다 이제 대한민국 우승함가자,5년 전
"즐기는 프로가 진짜 중에 진짜다.

우승은 못 했지만 진짜 준우승도 너무 값지다고 생각한다.

잘 했다. 앞으로도 기대를 할 수 있겠다.",5년 전
"어리지만 배울 게 많은 선수들의 멘탈
한 경기 한 경기가 감동이었습니다👏🏻👏🏻👏🏻",5년 전
"아 이 새끼들 멋있네
경기내용 아쉬운 부분이 있는대
니네들은 못까겠다",5년 전
근데 왜이렇게 잘생김??,5년 전
형성애자 이강인,5년 전
정말 대단한 업적을 이룬 선수들과 코칭스태프들이네요....또 다시 언젠가 이런 '원팀'을 볼수 있을지....ㅜㅜ 16강...8강...4강...모든이들이 하얗게 불태운 모습을 영원히 가슴속에 남기겠습니다! 모든 여러분들 이제 새로운 시작입니다~ 여러분들을 다시 보고 응원하며...성장하는 계기가 되었음 바램이네요^^ 고생하셨어요!!!!,5년 전
"그저 고맙고 자랑스럽고,, 더 훌륭한 선수들로 나아갈수 있는 가능성이 무궁무진한 우리 선수들! 감사합니다 수고했어요🇰🇷🇰🇷💜",5년 전
남자 선수 최초의 골든볼!!여자선수들은 이미 있지롱,5년 전
정말 좋은 선수들. 앞으로의  한국축구가 더 기대됩니다.,5년 전
주변사람들을 잘챙기는거 같다. 부모님이 되게 자랑스러울듯,5년 전
와.............................,5년 전
형 잘생기고 골든볼 축하해,5년 전
와.... 겸손하노? ㅋㅋ 대박 ㅎㅎ 물건일세?,5년 전
수고햇으,5년 전
이규혁 선수 기억할께요.,5년 전
근 한달간 너무 행복했고 감사했습니다👍🇰🇷,5년 전
"선수들이 말도 잘하고 착하고
긍정적이어서 너무 기쁘고 좋네요.
미래가 이렇게 든든하다니...
준우승 정말 잘 했습니다.",5년 전
아시아 최초 골든볼 아님 기자분은 찾아보시길..2003년 uae 선수가 먼저 받았음,5년 전
01 00 99 나의 동년배 선수들이 준우승을 했다는게 너무 자랑스럽습니다!!! 모든 한분 한분이 그저 빛이고 사랑입니다♡,5년 전
최고입니다❤❤❤❤❤,5년 전
아니 뒤에 우르라이나선수지나가는데 뭔 럭비팀임????덩치오바잖앜ㅋㅋㅋㅋㅋㅋㅋㅋㅋㅋㅋㅋㅋㅋㅋㅋ,5년 전
뜬금겂지만 강인님 앞머리 내리시니 훨씨이인 존잫,5년 전
너희는 우승할수있는 기회를 놓친거여 ㅠ 감독의 잘못됀 전술때문이라는거지 ㅠㅠ갑자기 잘하는선수를빼고 출전 안한 선수를 투입하고 이강인을 최전방으로 세우고 특기인 킬패스를못하게하고결승에서 이강인은 허수아비같았다,5년 전
"대한민국  축구  준우승 갈려면 또 2삼십년간다 이번대표들 장하고 후회없는  경기 고맙고 수고했습니다
자랑스럽네요",5년 전
"한국축구 으휴 못하긴 못하더라
이강인 혼자 하더만",5년 전
"이강인 선수 자랑스럽고 수고했습니다.앞으로도 좋은 활약 쭈욱 ㄱㄱㄱ~~~

기자분은 아시아골든볼 최초라는데 03년 uae선수가 홈+8강진출해서 골든볼수상했어요.",5년 전
나머지 선수들 인터뷰는 어디에 있나용?,5년 전
"이강인형은 축구 도 잘하는데 인성도 착하네
강인이형 수고했어~",5년 전
"기적이 아니라 운이 아니라 실력으로
준우승까지 한겁니다...모든 힘 다뽑아내
열심히 뛰어줘서 너무 고맙고 결승전까지 설레게 해주어서 너무 영광이었어요^^*
고생많이 하셨습니다💛
그리고 느꼈습니다!. 이강인의 시대가 
열렸음을..........!흥민아 이제 물려줘야 겠다
캡틴자리..",5년 전(수정됨)
"다들 너무 잘하셨고, 크게 다치신 분들 없어서 다행입니다. 고맙습니다.
우리 u20 국대 아기호랑이 님들~",5년 전
"여러분 !!!  
엔드게임 한번 씩만 더봅시다!!!",5년 전
강인이가 저렇게 주눅들지 않고 자신있게 자부심가져도 좋다고 얘기하는거 너무좋다 형들이랑 좋은 시간 보내고 푹쉬기를!! u20대표팀 다들 정말 고생많았고 준우승 축하해🖤,5년 전
진짜 잘했어요 모든 선수들 자랑스러워요,5년 전
강인씨 너무 귀여워ㅠㅠㅠㅜㅠㅠㅠㅠㅠㅠㅜㅠ 강인쿤ㅠㅜㅠㅠㅠ 수고했서ㅠㅜ,5년 전
솔직히16강간거로도대단죽음의조였는데,5년 전
이년뒤네 U-20 월드컵 또 한번 나와주라 강인이형,5년 전
김효은형 미드필더 ㄷㄷ,5년 전
"https://m.tuttosport.com/sondaggi/calcio/golden-boy/2019/06/14-57979008/vota_il_golden_boy_2019_le_100_nomination/

53번 이강인 선수 투표해주세요.",5년 전
"언제 우리나라가 피파 결승전을 볼수있었습니까
자랑스럽습니다 화이팅입니다",5년 전
다들 너무 수고했어요~~ 감사합니다 우리 선수들 ❤,5년 전
월드컵 결승을 봤다는 좋은 추억 만들어주셔서 감사합니다!,5년 전
진짜 박수받을 만했던 경기들이었음! 다음이 더더 기대되는 선수들,5년 전
후회 할 일이 아니죠 다음에 또 도전하면 되니 ... 그게 중요하죠,5년 전
"이야 이제 애들 인터뷰 태도 자체가 다르다. ""다음에도 '정상'을 향해 최선을 다하겠다""니 ㄷㄷㄷ 마인드가 달라졌다",5년 전
강인이 머리 내리니까 더 잘생겨졌어,5년 전
맘도이쁘다,5년 전
다들 기죽지않고 웃으면서 인터뷰하는 모습이 보기좋네요.. 결승까지 간것도 엄청난 업적입니다ㅜ 모두 수고하셨고 앞으로 소속팀에서도 좋은활약 보여주길 바랍니다!,5년 전(수정됨)
수고했어요 푹 쉬세요,5년 전
슛돌이 다시 안하나????다시 시작 할만 한데???,5년 전
내가 죽기전까지도 피파 결승진출은 못볼줄알앗다,5년 전
이강인선수 쿨하다잉~,5년 전
군면제....,5년 전
"결승까지 간것만도 기적이였지 너무너무잘했다
어떤감독이던 감독과 선수들이 이런식으로만 잘해준다면 
앞으로 월드컵도
어떤나라도 두렵지않고
경기펼치겠다
차기국대월드컵감독으로  정감독님 당선",5년 전
"대한의 건아들 멋진 일을 해냈어요.대단해요.💕💕근데 왜 제가 울먹이죠.이멋진 청년들이 대단한 일을 해냈어요.
대한민국이여~~영원하라~~사랑해요.💕💕💕",5년 전(수정됨)
"모두 수고 많으셨고
황태현 캡틴!! 정말 감사합니다",5년 전
6번...,5년 전
"우승 이상에 가치가 있는 준우승!
자랑스럽다 고맙다 이런마음 가지게 해줘서",5년 전
"준우승하고 웃으면서 나와주면 너무 보기 좋을거같아요~
왜냐하면 너무 잘했으니까 웃으면서 나오면 맘껏 칭찬해주고싶어요!!",5년 전
"우크라이나전 한 경기만 보지말고
이 팀이 어떻게 올라갔는지 되돌아보자",5년 전
슛돌이에서 날라다니던 애가 월드컵에서 날라다녀서 골든볼 받네 ㄷㄷ...,5년 전
"안정한 위원인가? 하튼 어떤 해설분이 말씀하셨는데
졌다고 생각하지 말고 준우승이라는 엄청난 기록을 만드셨다고 생각하세요!!
진짜 선수분들 고생하셨고 이제 각자 리그 경기에서 최선을 다 해서 A매치에서 다시 봤음 좋겠네요",5년 전
모든 태극전사들 너무 고생많았어요!!! 여기까지 올라온 것만으로도 정말 기적이고 응원하는 팬들은 정말 경기기간동안 정말 행복했어요♥️,5년 전
강인이 진짜 막내형...ㅠ 말하는거 너무 이쁘다❤,5년 전
"오늘 최고였어요
모든 선수들 고생하셨어요❤",5년 전
모두들 고생했어요  감동에 도가니  기쁨을 주어서 감사해요,5년 전
역시 막내형 멋지다..마지막 순간까지 여유있다.. 고생했고 많이 축하해요,5년 전
수고하셨어요 그리고 이강인 선수 약간 크러쉬 얼굴이랑 닮았어요!,5년 전
"피파 준우승 청소년팀 대표선수들 덕분에 2002월드컵 때의 설레임과 벅찬감정을 느낄 수 있었습니다. 청소년팀 한분 한분 코칭스텝, 감독님 너무 고생 많으셨습니다.",5년 전
이번 대회로 이광연을 발견한 것 만으로  한국축구 미래의 골키퍼는 든든하네,5년 전
군계일학 킹강인 승승장구하길,5년 전
어린 나이에 뛰어난 인성까지.. 빛 그 자체..♥,5년 전
"인제 18세이고 

몸도 아직 안여물었다 

이강인은 지금 이순간이 가장 싸다",5년 전(수정됨)
너무 너무 잘 했어요~~다들😀 🇰🇷천사들 축구의 매력이  이런거지~👍👍👍,5년 전
비록 우승컵은 놓쳤을지라도 우리의 마음에는 우리 선수들이 진정한 챔피언입니다..수고 많았고 한국 축구의 새 역사를 이미 만든 20세 이하 선수들 모두모두 고맙고 감사합니다!!,5년 전
강인이 말도 너무 야무지게 잘한다!! 앞으로도 응원할테다!,5년 전
강인아 널 어떡하면 좋니ㅜㅜㅜ 인성이 어쩜 ㅠㅠㅠ 대표님들 덕분에 생각지도 못한 행복얻었어요!! 모두 고생하셨아요!!,5년 전
당연히 자부심 느껴도 되는 경기이었이쥬!!!!!! 대단해용,5년 전
군면제 없나 2002년에는 월드컵은 군면제 아닌데 대통령이 특별히 해줬는데 그...분이여서 그런가? ㅋ,5년 전
손흥민얼굴보인다,5년 전
살아있을때 피파 결승에서 태극기 볼날이 또 있을까ㅠㅠ,5년 전
강인이귀여워,5년 전
"U-20에서 결승전까지 올라갔고, 준우승하는 것도 봤으니, 이제 성인 월드컵에서도 결승전 올라가는 걸 보고 싶네요... 이놈의 욕심... 하지만 이 정도의 욕심은 부려도 되겠죠?ㅋㅋㅋ",5년 전(수정됨)
게임뛰고 좋은성적 기량 보여준게 다들 본인인데 인터뷰하거나 대외적으로 얘기할때는 대부분 서로챙기고 코칭스텝들 챙긴다는거 자체가 이팀이 왜 결승까지간다는게 충분히 이해가가네요. 좋은 리더쉽과 팔로우쉽이 이런 좋은결과로 보여진듯하구요.  고생하셧고 계속 응원하겠습니다.,5년 전
잘했고 못했고를 떠나서 이 이후에도 저들이 뛰는 케이리그에 많은관심좀 가져주시길 우리나라리그도 사람 바글바글해서 사람좀 많았으면좋겠음 이럴때만 보지말고 일본 중국같은 우리보다 못하는 나라들 관중수보면 너무 부러움,5년 전
u20은 뭐든게 다 사랑스럽다,5년 전
고생했다 애들아. 국민들이 자랑스러워한다. 푹쉬고 다음시즌 아니 밝은미래 응원할께 고마웠어~,5년 전
준우승이라니 엄청난 성과지 선수들 자랑스러워 해도 됨!!,5년 전
나만 이강인이 손흥민 같나?,5년 전
월드컵은 1등해서 군면제 받자@@,5년 전
정말 비록 준우승이 아니라 값진 엄청난 준우승입니다. 내생에 우리나라가 또 결승무대 갈수있을지는 모르겠지만 정말로 행복했습니다. 선수들 모두 수고하셨습니다.,5년 전
"준우승, 이강인 선수 골든볼 수상 축하합니다! 선수들, 감독님, 스탭들 정말 고생 많으셨습니다. 1달 간 밤새고 새벽 경기 보느라 몸은 피곤했지만 덕분에 너무 행복했어요.  이번 대회 참가한 선수들, 감독님 모두 꽃길만 걷길 응원할게요.❤️❤️❤️❤️❤️",5년 전
"수고하셨어요~ 36년만에 결승경기 볼수있게 해줘서 고마워요~ 졌을땐 속상해서 욕을 조금 했지만 돌아보면 90분 내내 열심히 뛰어 주셔서 감사합니다 유소년대표팀 화이팅~~!!  최준,이강인선수 화이팅!!",5년 전
너무너무 고생 많았어요 우리를 기쁘게 만들어준 것 만으로도 너무 행복한 시간이었습니다 새벽에 잠 못자도 좋았어요 다들 이제 자신이 있는 자리에서 자기가 하고 싶은 축구 보여주세요 자랑스럽다!!❤️,5년 전
멋진 청년들~,5년 전
군면제 시켜줘라 이 정도면 금메달 급의 활약이다,5년 전
이강인 18살인데 말도 잘하고 ㅠㅠ 실력도 좋고 겸손하고 착하고 평소에는 어리버리?하다가 경기하면 진지해져서 딱 하는것도 멋있다 이강인,5년 전
이강인 손흥민하고 말하는 투나 목소리랑 얼굴들이 비슷하다,5년 전
마음만으로 우승  수고하셨어요 태극전사분들,5년 전
왜 강인이 얼굴에서 흥민이형이 보이는거지,5년 전
다들 멋있다!!!! 자랑스럽다!!!!,5년 전
그냥 추억으로만 남길게 아니라 아주 역사의 한획을 크~게 그으신분들!!!어리지만 같이 형이라고 부르고픈 그대들!부상없이 잘 즐기고 와서 축하드려요!!!,5년 전
어린 선수들이 이렇게 잘해주어서 미래가 기대됩니다^^!!! 덕분에 행복한 시간이었어요~준우승 축하합니다!!!,5년 전
강인짱.. 기여웡,5년 전
후회가 남지 않을 정도로 하얗게 태웠다니 이렇게 자랑스러운 인터뷰가 있을까. 그대들에게 무한한 박수를 쳐주고 싶다.,5년 전
이제 다음세대들이 준우승이라는 대기록을 우승으로 보답할것입니다. 모두 수고하셨고 이강인선수 골든볼수상축하드립니다~~~,5년 전
부상 조심하고 더 성장해서 대표팀으로 갑시다,5년 전
우승컵 못들어서 좀 아쉽지만 모두들 수고했어요!,5년 전
"세계 2등이라니 너무 잘했어요
너무 행복해서 꿈만 같은 시간들이었어요
값진 시간들 행복한 시간들 선물해줘서 고마워요♥",5년 전
결승까지 온것만으로 진짜 잘했습니다. 그런데 결승에서 실수들이 너무 안타깝고 아쉽네요..,5년 전
중간고사 전교2등하고 집가면 칭찬부터 하지 욕 안하지ㅋㅋㅋㅋ무려 세계 2등이니까 자랑스럽다🤩,5년 전
앞머리 내리니까 딱 그 나이를 즐길 학생이네ㅋㅋ 귀엽다,5년 전
형들~~~~ 리스팩트,5년 전
"뭔가 뭉클합니다.
최고였어요/",5년 전
"대전 안산 아산 서울 강원 등등
K리그의 자존심과 강인이의 발렌시아가 모두 합쳐져서
시너지를 낸거같아요♥
피파 주관 첫 결승이 어딘가요!!!
이제 끝이 아닌 새로운 시작!!",5년 전
솔직히 거의 모든 스포츠 보면서 느낀건데 제일 아쉬운 팀은 결승까지 왔는데 준우승 한 팀일 것같다,5년 전
덮강인 미쳤다 존잘,5년 전
"강인선수 ♡
 진짜 월클에 순둥순둥
 즐긴 선수들 제 마음엔 champion 이에요!!
ㅠ",5년 전
덕분에 꿈을꿨고 덕분에 행복했습니다.,5년 전
3:21 손흥민 얼굴이 보인다,5년 전(수정됨)
아시아 두번째 골든볼 입니다.. 예전에 아랍에미리트 선수가 u20월드컵 골든볼 수상했습니다,5년 전
그래 ! 수고했다. 한국오면 고기값들고 형 찾아와라. 형이 고기같이먹어줄께~!,5년 전
"선수들은 즐겼고, 개돼지같은 몇몇의 종자들은 즐기지 못한 대회였네요. ㅎㅎ
한달동안 너무 즐겁게 해줘서 감사했습니다.
p.s 대팤가서 응원하면서 노잼시기를 극복해야겠다. ㅋㅋ",5년 전
덕분에 즐거웠습니다! 수고많으셨고 감사합니다.,5년 전
"저 기레기 질문 좀 봐라. ""결과가 좋지 않았는데...운운"" 이씨, 얼마나 더 좋아야 그런 질문 안 하냐? 준우승이 우습게 보이냐??? 최선을 다해 뛴 선수들에게 할 말이 아님.",5년 전
강인이 갈수록 인터뷰가 느네..,5년 전
아시아 최초아니지않나?,5년 전
수고했다 얘들아!!! 좋은 경기 보여줘서 고마워! 너희가 대한민국의 미래야🇰🇷❤️,5년 전
웬 자책을???!!! 지나친 겸손은 금물!!! 준우승도 충분해!!! 그리고 끝까지 발랄한 게 좋아요~~,5년 전
어리지만 멘탈 자체가 다르다 카타르  월드컵 까지 가즈아,5년 전
"냉정하게 1등만 기억하는 프로 스포츠의 세계이지만 그 1등도 2,3등뿐만아니라 수많은 사람들의 노력과 과정속에서 나오는거고 본인들이 최선을 다했고 그 결과에 승복하는 것도 진짜 멋있다! 이강인은 진짜 크게 될거라는걸 볼때마다 느낀다",5년 전
"모든 선수들 고생 많았습니다~푹쉬고, 맛있는거 많이 먹어요~^^ 너무 큰 감동을 주어서 고맙습니다^^ 사랑합니다~~",5년 전
형성애자 강인리 ㅋㅋㅋㅋㅋ 다들 수고했어요~!! 어무 잘했어~!!!,5년 전
"훗날 성인팀으로만나 못다한 우승합시다
화이팅",5년 전
모두들 고생 많았어요 ! ! ! 너무 잘했어 ㅜ ㅜ ㅜ ❤️ ❤️ ❤️,5년 전
21인의 작지만 큰영웅들 축구본이래 최고로 행복습니다. 사랑합니다. 감사합니다❤,5년 전
"감독님이 원팀으로 정말 잘 만들었다.
매번 경기 끝나고 첫 질문에 답은 항상 국민들  응원해 주신 팬들에 감사함을 표현했고 당연시  여기지 않고 선수들 덕을 돌리는 지도자로부터 선수들이 잘 성장 한 것 같습니다. 최고였습니다. 준우승 축하합니다!",5년 전(수정됨)
귀엽다..손흥민 좀 닮은거 같아 ㅋㅋㅋㅋㅋㅋㅋㅋ 수고했어요,5년 전
"이강인선수
형아 바라기네요❤
부담갖지 말고 앞으로 쭈욱~~즐기면서     
뛰어주세요🤗",5년 전
ㅗㅜㅑ 강인이 머리 내린거 잘생겼다,5년 전
김정민 걷기운동 잘봤습니다ㅋㅋㅋ,5년 전
주장 황태현선수 참 말을 조리있게 진정성있게 그러면서 상투적이지 않은 말들로 인터뷰 참 잘하네요.,5년 전
그동안 수고 많이 했습니다. 정말 멋진 팀이었어요!,5년 전
앞머리 내리니 귀엽다 고3같다 ㅎ,5년 전
"선수들 축구도 잘하지만,모두들 생각도 깊고 인성도 좋고 말도 잘하고 똑똑들하네요~앞으로 우리 축구 미래가 밝을것같습니다! 주장도 참 주장답게 그릇이 크네요!  선수들 모두모두 수고 많았습니다!",5년 전
진건아쉽지만 근본적인 실력차이때문에 지는건 어쩔수없었다  개인기량을 더키워서 다음에는 우승가자,5년 전(수정됨)
다 말도 잘해ㅠㅠㅜㅜ고생했다❤,5년 전
잘했단 말 밖에 안 나온다,5년 전
"결승까지 올라간 게 이상한 일이지.
그래도 이강인이 골든볼 받아서 다행이다.
경기보니 우크라이나가 이기는 게 당연한 경기였음.",5년 전
방심하더니 이꼴 남,5년 전
준우승은 비참한 패배가 아니라 자신들의 위로 한명밖에 없다는 뜻이니깐 너무 자책하지 말고 결승갔다는 자부심을 느꼈으면 좋겠어요!! 모두 수고했습니다!!!,5년 전
정우영있었으면 이겼을껀뎅ㅜㅜ,5년 전
정말 감사합니다 큰 힘이됐습니다,5년 전
충분히 즐거웠고 충분히 잘하고도 남았습니다!! 이제 푹쉬시고 이강인 선수 꼭 재밌게노세요😁😁,5년 전
애초에 살면서 준우승 언제 보겠어용! ㅋㅋㅋㅋ,5년 전
아시아인구38억 인구중 최초라는 수식어를 다 기록했는데 후회 따위란 단어는 생각하지 말아야지.축구 본 사람들은 경기끝나고 다 뜨거운박수 보냈을거야.장하다 선수들!!,5년 전
2019년을 자랑스러워하는 선수들의 멋진 인생 응원합니다!!!,5년 전(수정됨)
못한 선수 욕은 집구석에서 혼자 똥싸면서 하고 아무튼  준우승 축하드립니다 한달동안 잠도 못자고 담날 일도 힘들었지만 즐거웠습니다 다들 푹쉬세요,5년 전
"강인이는 질문의 포커스가 자신에게 오면 대답은 다 형들과 코칭 스텝 고맙습니다.....라고 하는데 정말 그렇게 생각하기도하고, 또 이게 자신에게 쏠리는 관심이 부담스러운거나 마찬가지라... . 어차피 똑같은 대답이라 질문이 ‘강인이 잘 한다’ 라는 질문 포인트가 아니면, 더 다양한 풍부한 인터뷰 답을 얻을거 같습니다.",5년 전(수정됨)
그래그래 강팀이긴게 어딥니까 항상 힘내시고 준우승이란 성적 얻어내신걸 정말 자랑스럽게 생각해요😁😁,5년 전
준우승 정말 대단해요 덕분에 정말 즐거웠습니다 우리 선수들 최고!! 수고 많으셨어요🙌🙌,5년 전
준우승은 졌다는 뜻이 아니라 위에 한명만 있다는 거다,5년 전
이강인선수 살빠진거같아요!! 볼살이 실종...,5년 전
김정민 김현우,5년 전
나를 낮추고 겸손할줄아는자 이강인 그대는 진짜 월클이다....,5년 전
강인이얼굴 왤케 손흥민이보이지,5년 전
다들 고생하셨습니다!! 마지막 황태현 선수 인터뷰 괜시레 뿌듯하고 울컥하네요,5년 전
다들 너무 잘했어요 👍,5년 전(수정됨)
ㅎ,5년 전
1:13 즌촤~형들이 너무 고맙고~형아 바보~bbb,5년 전
제 기준에 이번 월드컵의 진정한 우승은 대한민국입니다^^!!!,5년 전
"강인아 준우승 축하하고 
빨리 성인 국가대표와서 같이뛰자!!
화이팅",5년 전
"부상없이 준우승해줘서 고맙습니다.

황태현.조영욱.정우영.전세진.오세훈.엄원상.정호진.이강인.이지솔.최준.김세윤.김정민.고재현.박태준.이광연.이재익.김현우.이상준.김주성.최민수.박지민.이규혁
ㅡone team
정말 정말 수고 많으셨어요!",5년 전(수정됨)
+이규혁,5년 전
 @qxd5320  감사합니다ㅠㅠ,5년 전
내가 살면서 우리나라 결승전을 볼수 있었다니~~~+_+ 아기호랑이들 정말 고생많았고 넘넘 잘했소♡,5년 전
"손흥민 챔스 준우승 U20 월드컵 준우승 
손흥민 챔스 준우승 U20 월드컵 준우승 
어?
어?
뭐야 왜 두번 써지지?
뭐야 왜 두번 써지지?",5년 전
자랑스럽습니다. 대한민국 🇰🇷,5년 전
결승이여서 마음고생 심했을텐데.. 고생했어요!! 비록 졌지만 선수들 열심히 우리나라를 위해 뛰어주셔서 감사합니다!!,5년 전(수정됨)
다들수고했고김정민만 헤엉쳐서와라,5년 전
월드컵 우승해 본 사람만 뭐라 해라,5년 전
이자식들아 수고많았다,5년 전
수고 많으셨습니다~!,5년 전
강인이얼굴에쏘니가보인다..,5년 전
한달동안 너희들 덕분에 행복했다^^ 정말 고생많았고 준우승도 대박이여♡ 축하해요 ♡,5년 전
잘했어~ 최고다~,5년 전
다들 순하다. 보기 좋아ㅠㅠ 고생했어요 모두들,5년 전
후회좀해라 뭐잘햇다고 우냐?,5년 전
굳,5년 전
졌다고 생각하지 말아요 은메달이잖아요🏆 수고하셨습니다! 선수들 모든 분들 다 최선을 다 하셨다는 거 잘 알고 있습니다 열심히 뛰어주셔서 감사합니다!,5년 전
진짜 우승햇으면 야신상도 우리나라꺼였는데 아쉽다 진짜로,5년 전
"너무너무 고마워요 다들 ㅠㅠ
우리나라인게 자랑스럽네요",5년 전
저 나이에 저 실력에 저 인성까지 대단하네요. 개인적으로 국대보다 프로팀에 전념해서 많은 커리어 이뤄냈음 하는 바램이네요 국대에서 소모품처럼 쓰이다가 버려지지말고......,5년 전
이기다가 져서 더욱 아쉽더라... 너흰 얼마나 아쉽겠니.. 힘내서 나라를 빛내는 청년들 되어주라!!ㅠㅠ,5년 전
슛돌이때 목소리가 남아있네 그레서 귀여움,5년 전
완전자랑스럽..ㅠㅠ♡,5년 전
모든 선수들 고생하셨습니다 아시아의 자랑♥ 골든볼 감동입니다~,5년 전
"아시아최초 골든볼은 아랍에미리트 한 선수가 받음
비머야 일제대로 안하냐",5년 전
"53번 이강인선수 투표합시다~

https://m.tuttosport.com/sondaggi/calcio/golden-boy/2019/06/14-57979008/vota_il_golden_boy_2019_le_100_nomination/",5년 전
"맞아 너희가 달려온 이 길은 칭찬받아 마땅한 길이었어 아쉽지 않다면 거짓말이겠지만 그래도 얼마나 최선을 다했는지는 아니까, 그렇게 해서 세계 2등이라는 쾌거를 이뤄냈으니까 그것만으로도 멋진 스타트를 끊은거라고 생각해 그러니까, 우리 선수들 다들 너무 고마웠어요 다음 세대가 더더욱 기대되는 우리 선수들 절대 주눅들지 말고 계속 앞만 보고 나아가길..",5년 전
다른것보다는~,5년 전
잘했어!!더 높이 올라가자,5년 전
약간 손홍민 닮았는데?,5년 전
후회없는경기가 선수로서 좋은거같긴하다,5년 전
"많이 자책하고 아쉬워할까봐 걱정했는데 다행이다 너무 수고많으셨고 모두 올림픽 기대할께요
덕분에 꿈을 꿨습니다 고마워요⭐️⭐️⭐️⭐️😆😆😆",5년 전
덮강인 존잘.. 깜짝 놀랐네,5년 전
뭔 자부심이야 1등해야지 어제 수비공격 개판이였다 진짜 드럽게못한다,5년 전
"모든선수들 수고했고 즐겨주셔서 감사하고
또 응원하겠습니다 자랑스럽습니다!
준우승 축하드립니다!",5년 전
2003년에 아랍에미리트의 이스마일 마타르가 U20 아시아 최초 골든볼 수상했는데... 기자실화냐;,5년 전
어쩜 이렇게 어린선수들이  실력도 성숙하고 성품도 성숙할까. 자랑스럽습니다..우리 u20선수들 대한민국을 빛내주셔서 감사합니다🇰🇷⚽️❤👍,5년 전
애들아 수고햇다. 한가지 충고하자면 개인능력 더 향상할필요는 잇다. 힘내,5년 전(수정됨)
멋있다 정말로 수고했어요,5년 전
정민이는 후회좀해라,5년 전
U-20 선수분들이 잘하면 앞으로에 대한민국의축구 미래가 창창합니다!!! 수고많으셨슴다!!!,5년 전
너무 잘 했어요 최고 최고!!!,5년 전
대한민국 선수들 정말 수고 많으셨습니다 선수들 탓이 절대하닙니다 후회말고 열심히 뛰어주신것만으로도 정말 멋있었스빈다,5년 전
좋은 사람들과.,5년 전
"성인 국대야 후배들한테 좀 배워라!!
나이먹엇다고 어른은 아니다!!!
u 20 멘탈 그리고 팀을위한 희생이나 인성, 끝까지 최선을 다하는 모습이 성인국대보다 훨낫다!!",5년 전(수정됨)
이규혁선수덕분에 원팀이 될수있었음,5년 전
진짜 잘했다 고생많으셨습니다,5년 전
모두들 너무 너무 고생하셨습니다 대한민국 남자축구의 미래는 밝습니다 아자아자~~~ 아무 생각말고 푹 쉬세요~~^^,5년 전
"감독님은 황태현 선수가 얘기한 동네 아저씨라는 말이 너무 좋지 않으셨을까 언제나 동네아저씨처럼 친근하게 팀 이끌어주신 덕분에 우리 대표팀 준우승이라는 값진 쾌거를 이뤘고, 서로의 인생에서 다시없을 추억과 좋은 친구들은 만난 것 같아서 너무 기쁘다 앞으로 우리 선수들 오래오래 보고 계속 응원하고 싶네요 수고많으셨습니다 즐겁게해줘서 고마워요!",5년 전
"누가 잘했고 누구땜시 우승못했다고 하시는분들..
저 어린 강인이 인터뷰 보고 챙피 한줄 아셨음 좋겠네요.",5년 전
근데 아시아 최초 맞음? 2003년도에 어떤 아랍 선수가 골든볼 탓다던데...,5년 전
"꼬인사람들 왜이렇게 많을까 
선수들 너무 자랑스러워요
수고하셨어요 너무도 값진 준우승이에요
감사합니다",5년 전
"강인아 ㅜ
준우승인데 뭘 못해
밑에 22팀이나 있는데 심지어 죽음의조였고...",5년 전
이기는 축구보다 즐기는 축구가 더 위대합니다!! 비록 우승은 못했지만 자랑스럽습니다!!,5년 전
애들이 다 어른스럽다ㅠㅠ,5년 전
"정말 다들 고생많앗다. 
여기서 멈추지말고 더 열심히해라.
자만하지말고 항상 겸손해야한다!!
우리 슛돌이들 최고!!! 👍🥰❣",5년 전(수정됨)
"광연선수, 자책하지 말고 준우승 만끽하세요~충분히 좋고 대단한 결과입니다!",5년 전
수고했어요 진짜😭,5년 전
어휴 훈련모습때부터 이미 우크라이나한테 질 줄 예상했다,5년 전
이강인 외 선수들도 상 줘야되는거 아님..? 다 너무 열심히 뛰었는데..그 더운날씨에..ㅜㅜ,5년 전
결승전 부끄럽다 ㅠㅠㅠㅠㅠ,5년 전
뭘 잘햇다고 실실웃냐,5년 전
고생많으셨습니다 다음월드컵은 우승가즈아!,5년 전
질문하는 기자가 무뇌임,5년 전
김정민 니는 후회해야한다,5년 전
이재익❤️❤️,5년 전
울컥하노..ㅠ,5년 전
강인선수 고생했어요ㅠㅠㅠ 참고로 골든볼 역대 최초는 여민지선수고 강인선수는 남자 선수 최초로 알고있어요,5년 전
2022 카타르월드컵 ㅈㄴ패자 가자!!!!,5년 전
아이구 형아바보 이강인 ㅋㅋㅋㅋㅋㅋ진짜 A매치에서 뛰는거 기대된다 화이팅 !,5년 전
세네갈전 명승부 본 것 만 도 인생경기 봤어요 대만족 ㅎㅎ예전에 애틀란타 올림픽 4강전으로 기억 하는데 나이지리아 vs 브라질 경기가 기억에 님네요 은완쿠 카누가 지짜 최고였는데 이제는 폴란드20세 월드컵 세네갈8강전은 기억 할때마다  기분이좋네요^^,5년 전
ㅋㅋㅋㅋㅋ 우크라이나 한테 개쳐발려버렸죠,5년 전
이강인 왠지모르게 손흥민이 보인다 ㅋㅋㅋㅋㅋ,5년 전(수정됨)
악법도 법이고 준우승도 우승이다,5년 전
"안정환이 말했지
선수들이 결승까지 어떻게 올라왔는지 알면 우승못해도 욕 못한다고
아쉽지만 너무 잘했고 수고많으셨습니다!
다음을 더 기대하게 하는 대회였습니다ㅜㅜ",5년 전
우리나라에 살면서 피파주최결승을 본거 자체가 너무 큰 영광이었습니다.. 이런세기에 살수 있다는것 또한 너무 영광이네요 ㅠㅠ 선수들 수고하셨습니다.! 감사합니다 ! 정말 우리 대표팀 모두 멋지십니다 !👍,5년 전(수정됨)
고생했어,5년 전
야이 짜씩들아~~~ 오늘은 준우승 했지만 앞으로는 우승해라!!! 너희들은 그럴만한 자격이 있다!! 고맙다!,5년 전
갈수록 질문 수준 왜 그러냐ㅋㅋㅋㄲ 기자들아 국가 대표해서 간건데,5년 전
"그릇이.. 십대가 아니네 ; 
늘 후회없이 최선을 다하는구나.. 
곱절을 살았으나 많이 배운다
 덕분에 즐거웠어요!",5년 전
센터백빼고모두고생많았습니다,5년 전
진짜 아프리카 tv에서 sbs공식 중계 방송한거 봤는데 채팅창 진짜 더럽더라,5년 전
강인이 쑥쑥 잘커라 멘탈 더 단단히 굳히고 실력 좋아서 든든하그만,5년 전
우리나라가 독일도 아니고 우승못했다고 욕하는건 너무 슬퍼요ㅠㅠㅠㅠ,5년 전
"2002년 4강—>2019 준우승—>2xxx우승
가능합니다 
언젠가 이 기록이 빛이나고 
지금보다 더 빛이나고
더 빛이나는 선수들이 되길 기원합니당",5년 전
솔직히 내가봤을때 이번 엄원상 선수 정확도 많이 떨어졌다.. 컨디션 안좋았나...ㅠㅠ 골기회 많이 놓쳤는데..,5년 전
2002년 얘기는 끝 2019년 U-20 전설이다 고생했습니다 붉은악마 !!!,5년 전
"2년뒤에는 성인국대 뛰느나 안나올수도
나오면 2회연속 골든볼 가즈아",5년 전
"5,6번 얘네없었으면 1대0으로 이겼다
다 실수 실책으로 먹힌골들",5년 전
동네아저앀ㄱㅋㄱㅋㄱㅋㅋㄱㄱㅋㅋ,5년 전
이강인선수 이렇게 보니간 엄청 멋져보인다,5년 전
강인이 멘탈에 다시 한번 감동하고간다ㅠㅠ선수들 다들 수고했어요 자랑스럽습니다ㅠ,5년 전
"우리는 패한것이 아니라 하나의 “성장”이라는 계단은 하나 밟고 조금씩  발전 한것입니다.자책말고 조금 성장하고 발전했다는것에 기뻐하고 즐겨주세요.
이경기가 끝이아니고 더 많은 경기를 뛸것이고 더 많이 성장하고 발전할것입니다.
여러분은 충분히 즐기고 웃을 자격이 있는 분들입니다!!
선수님들 축하드려요🎉🎉🎉",5년 전
"우리가 준우승이다 다 비켜라!!
대한민국 자랑스럽다
우리 u20선수들 지금 잘 자라고 있는  새싹들인데 어른들이 밟지말고 잘 보살펴줬으면 좋겠다  이 한달의설레임은 평생 잊지 못 할 추억이다 감사하다 나는 결과에 충분히 행복하다 대한민국 축구 화이팅🤗",5년 전
"씨발 걍 아쉽다 그냥 아쉽다 
수고하셧습니다!",5년 전
이강인 저 실력에 저렇게 겸손할 수 있다니 인성도 대다나네,5년 전(수정됨)
이강인 말하는거는 애기네 ㅋㅋㅋㅋㅋㅋㅋㅋ,5년 전
자랑스럽다! 준우승 아쉽긴해도 박수받아 마땅한 결과라 생각한다~ 고생많았습니다👍,5년 전
멋지네요 ^^♡♡♡♡♡♡♡♡♡,5년 전
후회 해야지 왜 안해?!!  너네들 입이 열이 라도 할말 있냐???  이강인이 너부터 반성해      !!,5년 전
"고생하셨습니다 또 자랑스럽습니다
역사상 처음으로 대한민국 결승까지 끌어올려줘서 대단하고 감사합니다 영원히 잊지 않겠습니다
감사합니다 자랑스러운 태극전사",5년 전
솔까 2002년의 기운을 재현 했다ㅠ 자랑스럽습니다,5년 전
자랑스럽다 뭐든지 최선을 다하는 사람은 언제나 멋있다,5년 전
"아~~~노인네 말투
귀엽다 ㅋㅋㅋㅋ",5년 전
"진짜...조별리그에서 탈락 할 줄 알았는데 여기까지 온게 정말 대단한거지, 고생하셨습니다~",5년 전
준우승도 잘 했지~~~~,5년 전
덕분에 꿈을 꿨고 행복했습니다 감사합니다,5년 전
우리나라 선수들 정말 자랑스럽다 진짜로ㅜㅜ,5년 전
황태현 수비 진짜 잘하더라,5년 전
뭔가 필사적으로 눈물참는것 같은데.. 저만 그렇게 느낀거죠? ㅎ...?,5년 전
아시아 골든볼 최초 아닌걸로 아는데,5년 전
"최고였습니다. 선수들 너무 아쉬워 하지 않았으면 하네요ㅠ 올림픽,월드컵 아직 기회는 많다고 생각해요! 앞으로도 좋은 모습 많이 보여주면 좋겠습니다!",5년 전
‘후회 같은거 안해요’ 19살 어찌보면 아직 학생한테 인생을 배운느낌이다..,5년 전
당연하지 일본전부터 실력으로 개밀리다가 var로 얻어걸린 결승이니,5년 전
나만 자꾸 손흥민이 생각나나?,5년 전
댓글 수준이 높군ㅎ,5년 전
이번 월드컵 멤버들병역 특혜 좀 제발.... 내년에 나도 군대 가지만 쟤네는 빼줬으면 한다,5년 전
강인아 이제 그만 겸손하고 그냥 그 인기 다 즐겨되 된다고 말해주고싶다,5년 전
선수들 졌는데도 웃는모습보니까 안심이 되네요..,5년 전(수정됨)
수고하셨어요 월드컵 기간동안  응원할 수 있어서 좋았어요! 진짜 멋있었어요 늘 응원합니다!!,5년 전
사랑해 우리나라를 빛 내줘서 고마워 모두 수고했어 푹 쉬고 마음 편히 놀아 💜,5년 전
"막내가 팀을 형들을팀을 다독이는게 너무대견하고 이쁘고  웃음나요
너무너무 고마운 태극전사들
그대들이 진정한 챔피언입니다^^!!!",5년 전
세계2등 우리 한국대표선수들 엄청 다 잘했고 고생했습니다,5년 전
난 솔까 일본전 이기고나서 그 이후로 져도 노상관이었음ㅋㅋㅋㅋㅋㅋㅌ근데 ㄱ케속 올라가서 어???어??? 이러면사 봄ㅋㅋㅋ니네덕에 야식 오랜만에 먹는거지 뭐 짤했아~~~~,5년 전
꾹꾹 삼키더라고요 저도 봄..ㅎㅎ,5년 전
이게 팀이라는거다 정신차리자 축협^^,5년 전
너무너무 수고하셨어요!!,5년 전
"모든 선수들 모두 모두 수고하셨습니다❤
덕분에 축구의 매력을 다시 한번 더 느낄수 있는 시간이어서 행복했어요:)
선수분들, 감독님, 코치님, 스탭분들 모두 다 고생하셨습니다!
값진 준우승 진심으로 축하드립니다:)
그리고 이강인선수 최고에요 하투!!!!!❤",5년 전(수정됨)
"아직 U20월드컵인데 이렇게 흥분하게 해주신 우리 애기호랑이분들 너무 감사드리고요 성인이 되면 U20월드컵이 아니라 정말 상금도 태극마크에 올라가는 별도 얻을수있으니 이렇게만 자라서 성인월드컵에서는 우승까지 해보도록 합시다 1달 동안 정말 수고많으셨고 강인이형도 메시이후로 처음받는 골든볼이니까 이것도 저는 너무 자랑스럽네요 이광연 선수도 이재익선수,김현우선수,이지솔 선수,최준,엄원상 이강인 오세훈 등등 많고많은 체격을 가졌기에 이런 팀워크가 더 잘 만들어졌나 봅니다.지금 우리가 준우승이나 올라간게 어딥니까..준우승도 정말 힘들었을텐데 마음고생도 있었지만 저는 언제나 박수치며 함께 감정을 나누었습니다.앞으로도 잘 부탁드리도록하겠습니다 우리 애기호랑이 분들!!",5년 전
말하는거너무귀여워(이강인💓),5년 전
아니솔직히 결승갈줄누가알았냐 준우승도 엄청난거야 잘햇오,5년 전
무슨 스스로 잘못들이 많아.. 고개들고 다음에 더 잘하면 되지!,5년 전
계속 올라가니까 욕심이 생겨서 우승을 바라고 준우승을 하니 약간 속상하긴 한데 다시 초심으로 와서 우린 축구 최약체 나란데 대.한.민.국.이 준우승을 했다는건 대단한거임,5년 전
빛광연 골든글러브가 젤 아쉽다❤️,5년 전
대한민국 대표팀 모두들 너무 수고많았어요 앞으로도 좋은 활약많이 보여주세요 !!!,5년 전
아 진짜 마인드가 다들 개멋있어..반하겠다.. 준우승 축하해요!! 결승볼수있게해주셔사 감사합니당🔥❤️‼️,5년 전
이규혁 눈물이 많구나 ㅎㅎㅎ 수고했습니다 ❤️,5년 전
"웃는 모습 밝은 모습보니 더 좋아보이네 앞으로 너희들의 미래도 항상 웃을 일만, 밝은 길만 펼쳐져 한국 축구보면서 즐겁고 웃으며 보고싶다 화이팅!!",5년 전
"진짜 하나같이 말 잘한다 아쉽지만 고생하셧습니다 잘싸웠어요 진짜 우리나라대표 팀 하나같이 보물같은 선수들이고 누구하나 할것없이 진짜 소중한 선수들 
영원히 기리기리 기억 하겠습니다 수고하셧습니다",5년 전
너무고생했습니다 우리선수들ㅠㅠㅠ,5년 전
어른들이 배워야 할 점이 많네요...대한민국 축구를 알려주시고 최선을 다하는 모습 보여주셔서 한편으로는 부꾸럽지만 다른 한편으로는 자랑스럽습니다.,5년 전
피파 결승전 챔스 결승전 둘다 준우승했네.. 아쉽다,5년 전
토트넘 2위 U-20 정정용호 2위 원래 2위가 3위보다 뼈아픈 순위죠. 손흥민을 비롯한 대표팀 선수 모두 2위의 아픔을 느꼈기에 1위 자리로 올라가려 더 열심히 할 겁니다! 미래가 기대됩니다! 수고하셨습니다,5년 전
충분히 잘했다. 어깨펴고 자부심 가지자 앞으로 큰무대에서 좋은결과로 축하할일이 많이 남은 선수들이라고 생각한다.,5년 전
선수들이 후회를 안한다니깐 정말 감사하네요 그만큼 최선을 했다는 뜻이니깐요 저희도 여러분 경기본거 후회안해요 이런 추억남겨주셔서 감사합니다.,5년 전
아시아 최초 골든볼 아닐껄요...2003년에 아랍에미레이트에서 골든볼 가져간걸로...,5년 전
"피파주관 국제대회 준우승 어마하고 엄청난 성과다. 영웅들이다. 결승전은 운이 안따랐다. 실점 중 2골도 아쉬운 실책성 행운의골이었고, 오히려 후반 운이 따랐으면  2골정도 득점가능 했는데. .항상 응원한다. 굿럭.",5년 전
"다들 너무 수고많았어요 !!
멋집니다^^!!!!",5년 전
"아시아 최초는 아니라던데요;; 개최국 UAE에서 받음. 제대로 사전 조사하고 인터뷰 하셨으면 좋겠네요.

이강인 선수 제일 어린데 멋있네요. 고생했어요.",5년 전(수정됨)
골든볼 아시아최초맞나요??,5년 전
너무너무 자랑스럽습니다!!!!!  수고 많이 했어요♡,5년 전
"""저희는 후회 같은거 안해요""
영상 보자마자 심장 제대로 저격당함",5년 전
잘했으여!!!,5년 전
앞으로 열심히 응원할 거니까 화이팅하세요!,5년 전
강인이 말이 어눌한게 넘 귀엽다 ㅋㅋㅋㅋ 고딩말투 ㅋㅋㅋㅋㅋ 저가...저가 ㅋㅋㅋㅋㅋ,5년 전
널 정말 어쩌면 좋냐...강인아. 😍,5년 전
귀여운것들 아직 시간 많이 남았으니 열심히해서 성인 월즈컵에서도 좋은 성적 내자!,5년 전
내 인생에서 월드컵결승전 응원팀을  대한민국으로 할 수 있게해줘서 고맙습니다. 잘했어요 U20 대표팀선수들 계속 응원할께요. 올림픽가서 다시 세계제패해봅시다 !,5년 전
올림픽국대 에서 볼수있었으면좋겠네요,5년 전
"한국선수최초가 아니라, 아시아 남자선수중 최초야.
한국선수로는 여축 여민지가 이미 있었어.",5년 전
"말을저렇게잘하는데
진심이느껴지고
기성인들이 반성해야할듯
순수하다.  최선을다한사람으로서의
여유가느껴지고 인성대박",5년 전
여기까지 올라온 것만으로도 정말 대단하다고 생각해요 ㅎ 다들 위축되어있을 필요도 없고 열심히 뛰어줘서 고마워요 ! 자랑스러운 선수들 앞으로도 응원 많이 할테니 좋은 모습 보여주길 ! 준우승과 이강인 선수 골든볼 수상 축하합니다 ❤️🙌🏻,5년 전
할만큼 해줬다고 생각함 ㅜ 너무 자책안해서 다행이고 즐기는 축구 멋있당❤️ 준우승 축하해,5년 전
근데 아시아 최초는 아니지 않나? 전에 아랍선수가 받은걸로 아는데...?,5년 전
주장 수고많았어~ 정말 고마워~~~,5년 전
아시아 남자 선수 최초는 03년 UAE임.,5년 전(수정됨)
"진짜 잘했어요!!
여러분 덕에 행복했습니다.",5년 전
"월드컵 2002년  4 강  다음,  u-20 월드컵 2019년 준우승입니다. 다음 차례는 반드시 우승입니다!!  화이팅",5년 전(수정됨)
수고했습니다 우리나라 사람들이 말하는거 무시하시고 끝까지 최선을 다해주세요,5년 전
김정민은 꺼지자 다들 죽어라뛰는데 혼자 설렁설렁. 저런 놈 처음봄,5년 전
2등은 기억해주지 않아 그래서 후회를 해야한다 졋잘싸 따위좀 그만하길,5년 전
라뎃아 고생했어,5년 전
강인이 언제봐도 머싯다 한국 수비 좀만더 보강해줫으면 좋겠는데. ... 수비 활동 그건 좀... 아녔다,5년 전
이강인 유행어 : 저보단 형들이...,5년 전
원상선수 피지컬 하고 발목 힘만 키우면 아시아 탑 윙어 될듯 기대할게요!!!,5년 전
아시아 최초골든볼 수상 아니지않음? 아랍에미리트에서 받은선수 있었다던데,5년 전
"골든볼 아시아최초아님....
아랍에미리트에 있는 어떤선수가 이미 받음..",5년 전
이겅인 선수 다음 u20 월드컵에도 출전할수있지않나요?,5년 전
이광연 선수는 강원에서 자리잡고 도쿄주전가즈아~,5년 전
전부다  군면제 시켜줘,5년 전
"후회하지 말고!
후회할 것도 없어요",5년 전
정우영이 차출이 허락됐으면....,5년 전
너무 잘했어🇰🇷 우리 선수들이 최고고 정말 자랑스러워요 푹 쉬고 휴가 마음껏 즐겼으면 좋겠어요 앞으로가 더 기대됩니다⚽️,5년 전
아시아 최초는 아님 03년도에 uae선수가 받은적 있음,5년 전
이강인 진짜 잘생겼다 머리내린거,5년 전
우리 대한민국 국가대표 선수들 모두 정말 수고 많으셨고 진짜 자랑스럽니다!!^^ 진짜 파피 월드컵 결승을 간거 자체가 진짜진짜 대단한 일입니다 ㅎㅎㅎ,5년 전
선수님들 다 사랑합니다❤,5년 전
"이강인이잘한다고하는사람
⬇️",5년 전
수고하셨습니다,5년 전
"떡잎부터 다르더니 인성도갑!fitst Team spirit!!
대박!",5년 전
"이정도면 카타르기대하고 
그리고 아시아인 최초 골든볼 감사하고 너무 감동적인축구 진짜 잘봐고 너무너무 자랑스럽습니다",5년 전
"월드컵결승전에태극마크달고뛴선수본거만으로도나는진짜기분좋았다ㅎㅎ
수고했고진짜열심히뛴거아니깐아쉬워할필요없어요.
진짜최곱니다!",5년 전
"보면 이강인 선수는
팀가치를 우선시하고
개인 수상을 크게 두지는 않는것같네요 ^ ^
이를 보면 어느팀이든 기용을하면
팀에 최고로 헌신하는 타입의 선수일꺼라는데 생각이 크게 듭니다.",5년 전
최선을 다했으니 죄송하지 않아 했으면 하네요,5년 전
1:15 아시아 최초 골든볼수상 아닌데...,5년 전
깡다구 나이서!!!!!!!,5년 전
"아이구 강인이 머리 내린 것도 예쁘네 8ㅅ8 골든볼 축하해! 후회같은 거 안 한다니 너무너무 멋있다,, 계속 팬들 형들 코칭스탭들한테 공 돌리는 것도 입발린 말이 아니라 진심이 느껴져서 넘 멋있는 프로선수야 정말 한국 돌아가서 여름을 잘 즐기고 싶다니 꼭 그러길!!",5년 전(수정됨)
강인아 담엔 성인애들도 데리고 올라와주라,5년 전
우리 선수들 정말 잘했습니다 그동안 체력적으로도 그렇고 많이 힘들었을건데 열심히 뛰어줬고 준우승이라는 좋은 결과까지 내줘서 고마워요 정말 자랑스럽습니다 아기호랑이들 최고입니다!! 정말 자랑스러워요♡♡,5년 전
아쉽긴한데 행복했다,5년 전
골든볼에 준우승이 어디냐 꿈같다,5년 전
"""준우승"" 이라는 세 글자가 얼마나 벅찬건데요 ! 왜 우승이 대단함의 기준인건지 전 잘 모르겠네요 .. 우승이던 준우승이던 우리가 할 수 있는만큼 최선을 다했으면 그게 더 대단한거죠😊 결승 진출 이라는거 자체가 새 역사를 쓴건데 !! 다음에 그 역사를 이어서 또 쓰면 되죠🙏 열심히 한다면 기회는 또 올거에요❤️ 아직 앞길이 창창한 어린선수들에게 응원의 박수, 격려의 박수를 보냅니다👏 고개 숙일 필요없어요 눈물 흘릴 필요도 없고요 ! 기쁨의 눈물이여야죠 ^!^ U20월드컵을 준우승 한 나라의 국민으로써 너무 자랑스럽습니다🔥 푹〰〰쉬세요💪🇰🇷⚽",5년 전
이윤석: 잘했다!!!!!!!!!!!!!!!!!시발 ㅜㅜㅜㅜㅜㅜㅜㅜㅜㅜㅜㅜ,5년 전
그건그렇고 강인이 너무 겸손하다 참인간이다 너는,5년 전
장하다. 아그들아,5년 전
유럽 남미 다제끼고 준우승에 골든볼 까지!! 대한민국의 역사를 새로쓴 대표팀 고생했습니다,5년 전
죄송하지만 아시아인 최초는 아닙니다 아랍사람이 한번 받은적있었습니대,5년 전
준우승도 너무 멋진 결과에요 선수들 이 순간을 즐겼으면 해요 아직 젊은 선수들 앞으로 이룰 것들이 많아요 경기내내 선수들 때문에 너무 행복했어요 ~ 선수들 화이팅!!,5년 전
"누구 하나 귀하지 않은, 대한의 아들이 없다. 모두가 대한민국의 영웅이다.",5년 전
이런 선수들이 잘성장해야된다 진짜로...,5년 전
아기호랑이들 최고,5년 전
정말 잘했습니다 감사합니다 😀,5년 전
황태현선수 진짜 뛸수 없을만큼 힘들었을텐데 마지막까지 정신력으로 막는 모습 인상깊었습니다ㅠㅜ,5년 전
"대한민국선수들 모두가 메시급이 아닙니다.
선수 기량을 탓하지 말아주세요.
원팀으로 최선을 다하는  멋진 선수분들이었습니다.
덕분에 행복했습니다.  더 응원하겠습니다.",5년 전
그리고 제발 김정민 선수 욕 좀 그만 ...,5년 전
"큰 일 했으니 이제 좀 놀아야지
그럴 나이니까
즐겁게 놀아야지

우린 너희들의 복귀를 두팔 벌려 환영한다

짧은 기간이었지만
행복회로 가동해서 정말 좋았다!",5년 전
"잘했어요,
세계대회에서 2등 준우승이 당연하게 얻어지는것두 아니고 정말~~~잘했어요 수고했어요.,",5년 전
"아쉽긴 하겠지.. 국민들도 아쉬워 하겠지.. 근데 어떤 국민이 우리 국대가 결승에 올라갈거라고 생각했겠냐..
잘했다!! 상대했던 선수들은 좋은 시스템, 경쟁력있는 리그에서 경쟁하는 선수들이다.. 너희들이 어디까지 성장할 지는 모르겠지만.. 항상 뒤에서 응원할께요..",5년 전
수고했다 선수들. 나는 이미 너희들이 자랑스럽다.,5년 전
애초에 2등을 욕하는 여론 나온거 자체가 개씹냄비새끼들 아니냐 아쉽게 진것도 아니고 경기력 자체에서 진건데 2등은 절대 아쉬운게 아니다,5년 전
진짜 수고했습니다 준우승이 어디야,5년 전(수정됨)
포르투칼한테 질때만해도 예선탈락하는거아니야라고생각했지만 이렇게 결승까지와서준우승 이랑 쾌거를 이룬선수들 너무대단하고 감사합니다 또 골든볼받은 이강인선수 정말 대단합니다 정말수고하셨습니다,5년 전(수정됨)
"이강인은 진짜 후회 안할경기력 매번 보여줫음
근데 마지막경기는 다른 선수들은 후회좀해라 너무 못하더라 이강인이 멱살잡고 결승까지 끌고온거지",5년 전
존나 멋있다 우리나라,5년 전
리더쉽이란게 여러가지가 있겠지만 어린 선수들하테는 무섭지 않고 친근한 감독님이 좋은거 같습니다. 눈치 안보고  성장 하는데 도움을 줄수 있는 감독님 수고하셧습니다,5년 전
"모든 선수들 정말 고생했어요! 한국와서 즐거운 시간 보내면서 휴식하길 바랍니다! 그리고 골든보이 투표해주세요~ 53번 이강인!! 
https://www.tuttosport.com/sondaggi/calcio/golden-boy/2019/06/14-57979008/vota_il_golden_boy_2019_le_100_nomination/",5년 전
"이규혁 선수 잘 했어요 수고하셨어요 
이게 성장 발판이 될거에요 
울지마요",5년 전
덕분에 즐거웠어요ㅠㅠ 고마워요 ㅠㅠ,5년 전
"멋진 우리선수들이 자랑스러워요
축구를 제일 즐겁게 봤어요~~^^
감사합니다",5년 전
"선수들이 하는 말 개멋있는 것 같다
이강인: 뭐하러 울어요. 전 후회 안합니다
손흥민: 내 꿈은 챔스 결승에 뛰는 게 아니라 챔스 우승을 하는 거였다.",5년 전
역시 큰 물에서 놀아야 큰 그림을 그릴 수 있다.,5년 전
결승까지 간것도 정말 잘한것입니다ㅎㅎ선수들 진짜 멋있었어요,5년 전
모두모두 잘 성장해서 성인국대 원팀으로 만나자,5년 전
아시아 최초는 아니지않나요??,5년 전
세계 2등!!! 너무 잘했다!!! 멋지다,5년 전
2:55 부끄러워하는 강인이😊,5년 전
이미 역사를 썼지 수고했어요~~👏👏,5년 전
군면제 해주면 좋겠는데....,5년 전
언론이 너무 집중하지 말았으면 하네요 그래서 망가진 선수가 많은데,5년 전
승부를 떠나서 여기까지 올라오신것도 놀랍고 정말 모두들 잘하셨어요 진짜👍👍,5년 전
니들 진짜 잘햇다 기죽지말고 너무 잘해줘서 고맙다~,5년 전
자막 좀  써주세요 ㅠㅠ,5년 전
이정도도 충분히 좋은 성적인뎋ㅎㅎㅎㅎ 모두 고생 많았습니다!!!!!,5년 전
멘트마져 멋이써...👍👍😭,5년 전
기자년들 질문 수준봐 진짜 촞딩이냐?,5년 전
어린선수들인데 넘 어른스럽고 장하네요. 재벌 3.4세들 인성 안된 인간들이랑 너~무 비교 되네요,5년 전
"이강인 말하는 게 진짜 월클이네 ㄷㄷ 
카타르 월드컵도 진짜 기대되네 ㅎㅎ
이강인 화이팅!!!",5년 전
그걸 이겨네야 강해지죠,5년 전
난 후회 한다.어제 축구 본 것을,5년 전
"영상도 감동이지만 이 영상에 달린 댓글들이 더 감동이고 울컥하게 만드네 ㅡㅜ
대표선수들  내 심장을 다시한번 쫄깃쫄깃하게 해줘서 너무 고마워용~
준우승 진짜진짜 축하해요",5년 전
아무도 슬프게 울지않아서 너무 좋다 당당해서 너무 좋다 준우승해서 너무나도 기쁘다 수고했어요 태극전사~!!,5년 전
준우승도 준우승인데 선수들 마인드가 너무 멋져요 앞으로 꽃길만 걷기를 바랄게요,5년 전
"감독님의말 ""연필도 없다"" 진짜 연필도 없나?",5년 전
잘했어요~!!!잘했어요~~!!!잘했어요~~!!!!고생했어요~~!!앞길이 창창해요~~!!2위에요~~!!!!!,5년 전
준우승이라니  진짜  장하다  우리  대한의 아들아 ~~~,5년 전
"내 생애 FIFA 주관 대회에서 결승을 올라가는 걸 보고 준우승을 했다는걸 봤다는거..
감사합니다",5년 전
2위한것도 너무나 대단하기 때문에 많이 축하하고!!! 어서 한국 돌아와서 국민들의 박수를 받아줘요~~~~♡,5년 전
다  잘했다  우리 선수들이  자랑스럽다 ~^^,5년 전
"크 피파 결승전 본것만으로 너무 고맙다 얘들아 언제 또 결승전 볼지도 모르는데
본다는게 어디고 그리고 이광연골키퍼 웃는모습 보기 너무 좋드라 살인미소ㅋㅋㅋㅋ
앞으로도 잘부탁한다 최전.후방 ㅇㄱㅇ
그외 다른 선수들ㅎㅎ",5년 전
리칸진 넘 커여웡,5년 전
"강인이 머리 내리니까 손흥민이랑 엄청닮았네
고생하셨습니다!!",5년 전
자부심 느껴도 됩니다 고생하셨습니다,5년 전
03년 이스마엘 마타르 선수가 최초 아시안 골든볼 입니다.,5년 전
캉진리 오늘따라 더욱 청순해보이네♡,5년 전
모든 선수들의 단합의 힘으로 땀으로 최선을 다했고 좋은 성적을 얻어낸  한국선수들 모두 모두 수고 많았어요  박수 짝짝짝.,5년 전
이강인 인터뷰 경험이 별로 없어서 당황하는거 개 귀엽,5년 전
"선수마다 심지가 꽉 차있네요
선수이기도 하지만 우리나라 청년들 멋지네요",5년 전(수정됨)
"이번 시즌 국뽕 리스트

손흥민 챔피언스리그 결승 선발 출전.
류현진 MLB 방어율 1위. 다승 1위.
봉준호 칸 국제영화제 황금 종려상 수상.
BTS 웸블리 단독콘서트 매진.
U20 월드컵 결승 진출.
배리나 OECD IT FORUM 진출.",5년 전
마지막 무엇,5년 전
"그들은.... 최고였다...

나중에 이 선수들이 2021년 U-20, 2022년 카타르에서 좋은 성적을 내줄 수 있도록 좋은 환경과 응원이 필요하지 않을까요?",5년 전(수정됨)
잘했어,5년 전
이강인은 아시아최초의 골든볼이 아닌걸로 알고있는데 uae선수 있지않나요? 기자질문수준이..참 기사제목들로 어그로끌 질문만하네요,5년 전
"모두 노력했고 최선을 다했습니다!
준우승한걸로 전 너무좋고,
저는 아쉬움 하나없었어요 😊
수고하셨습니다 !",5년 전(수정됨)
울지마시고 후회마세요! 너무 잘했고 준우승 너무너무 축하해요~!,5년 전
더더 성장하자❤️🙏🏻⚽️수고하셨습니다❤️❤️❤️,5년 전
올림픽 기대된다,5년 전
아 이건 아니야 결승전은 진짜 언제 또 온다고,5년 전
말 참 예쁘게한다,5년 전
아니 군면제 안된다는거 실화임? 이분들 군면제 안시켜주면 누굴시켜준다는거지?,5년 전
오우 주장 말 똑부러지게 잘한다,5년 전
너무 잘했어요 장합니다 앞으로 한국축구가 더욱 기대됩니다 대한민국 화이팅,5년 전
계속..형들과 코팅스텝들 이야기를 멈추지않고 하는 강인이~~~~잘자랐다!! 멋있다!!,5년 전
이규혁 잘했다. 울지마라,5년 전
"이강인선수, 고 김주혁 배우님 닮았네요👍",5년 전
22일동안 정말즐거웠습니다!!! 감사합니다 태극전사!!!!!,5년 전
역시 이강인..,5년 전
"""이강인 22세 레알 마드리드"" 이거 줜나게 보고싶다 진짜 꼭 올림픽에서 축구역사상 최초 금메달 목에걸고 군면제 받자 아즈앙~",5년 전
아 진짜 너무 고생했다.. 소고기라도 사먹이고 싶네 짜식들..,5년 전
김정민은 사과 인터뷰나 시켜랴지,5년 전
ㅇㅇㅇ 이스마엘 마타르 있음 ㅋㅋㅋ 기레기 ㅂㅅ임그냥,5년 전
군면제는 아무나시켜주는줄 아나 ㅉ 의무하나 가볍게 없애주는거아니냐,5년 전
 @POKEPOKEHWG  솔직히 아시안컵우승보다 피파 월드컵 결승이 더 훨씬 가기 어렵습니다 이번 월드컵 결승으로 대한민국이 더 알려지게 된것도 크고여 제말은 아시안컵은 면제가 가능하고 U20 월드컵은 안되는게 이해가 안된다는거지요,5년 전
 @아들둘딸하나-e8i  우승과 준우승의 차이라고 봐야지,5년 전
 @POKEPOKEHWG  우승이었어도 면제안준다고 했었다고 합니다..,5년 전
"사실상 따지고 보면 아시안컵 , 아시안게임은 아시안만 하니까 더 나은데 월드컵은 세계 나라선수들이 다 출전하니까 더 힘들어요오",5년 전
강인이빼곤후회해야지?,5년 전
다 맞는 말만 했네 ㅠㅠ 준우승도 너무너무 잘하셨어요💜 감동주셔서 감사해요 🇰🇷🇰🇷,5년 전
잘했어요~~~~~자랑스러워요,5년 전
에휴 너무 부족하다,5년 전(수정됨)
토트넘도 준우승 u20도 준우승 아깝다 진짜 그래도 좋은추억 만들으셨다하니까 행복하네요😊,5년 전
덕분에 잘 즐겼어요 고마워요. ㅠㅠ💖💖😭😍,5년 전
이규혁 선수 멋지다 계속 응원하겠습니다  파이팅 !!,5년 전(수정됨)
진짜 수고하셨습니다...ㅠㅠ 감사합니다!!,5년 전
강긴 고생해쓰 든든하다 한국에서도 슈퍼스타가 나온다고 생각하니까,5년 전
와.. 어떻게 애들이 하나같이 성숙하냐..  어리지만 진짜 멋있다 모두들 수고했습니다. 한국축구의 부족한부분 보안해서 이강인 선수가 목표로 하는 월드컵 우승 꼭 볼 수 있었으면 좋겠습니다!!,5년 전
골든보이 53번 이강인에게 투표 ㄱㄱhttps://m.tuttosport.com/sondaggi/calcio/golden-boy/2019/06/14-57979008/vota_il_golden_boy_2019_le_100_nomination/,5년 전
진게 아니라 준우승이잖아요!!!!!  기록도 세워주고  기쁨줘서  고마워요~,5년 전
어리다고 봐주고 그라믄 안된다. 강인이 말 한번을 안듣고 전부 튀고싶어 안달나서 게임 풀더라. 정감독 통제도 벗어난듯...5번 6번 시키들 사람이냐? 감독은 교체 3장을 날려 처먹고..ㅉㅉㅉ 결국 강인으로 시작해 강인으로끝난 대회가 되었다 등신 형들아...ㅉ,5년 전
모두 너무 고생했어요,5년 전
"다음 우승을 위해서 더더욱 발전해가는 모습을 볼수있어서  너무 기뻐요!!😆
저는 우리 붉은악마!! 대한민국 자랑스럽습니다!!
정말 잘하셨어요 멋진경기였어요👍👍",5년 전(수정됨)
충분히 박수 받을 수 있습니다. 진짜 잘했어요 ㅎㅎ,5년 전
"2위~
대단하다.
멋지다~",5년 전
감사합니다!!그들이 있어 근 한 달간 빛나는 나날들의 연속이었습니다!!♡♡,5년 전
강인이는 못하는게 뭐야? 말도 이쁘게 잘하네🥰,5년 전
후회 안한다는 말이 너무 좋다,5년 전
뭘하고싶긴 롤하러가얒,5년 전
"누군가는 이렇게 말한다

막판에 가서 연예인병 걸려서 졌다고

그런 인간들에게 난 이렇게 말한다

그게 요즘 20대가 전의를 불태우는 

모습이라고 ㅇㅇ 

비록 어제는 졌지만 선수들 있는

그대로 최선을 그들 세대만의 

모습으로 만들어냈다

최고였다 고맙다",5년 전
"선수들 말하는거보면 진짜 다들 인성이 제대로 된 것 같다..... 존경스럽네요 ㅎㅎ
판다컵에서 트로피 발로 밟던 선수가 이걸 보고 좀 본받길 (갑자기 생각남)",5년 전(수정됨)
2010년 U17 여자. 여민지 선수가 한국 최초 골든볼 아닌가요?,5년 전
"근데 어제 진짜 드럽게 못하긴 했음
수고하셨어요",5년 전
와 ㅁㅊ 이번 영상은 특히 손흥민이랑 많이 닮았다,5년 전
정말 고생했어요 다음엔 2강in 말고 2강win하자 화이팅~♥,5년 전
"골든볼수상 대한민국이다~~
소름~~~~  고생했습니다~~~",5년 전
3주동안 밤낮바껴도 대한민국 국민들 웃음 안겨줘서 고마워요 비록 아쉽기는 하지만 원팀으로 결승까지 올라온거 진짜 축하해요 앞으로 다 잘되길,5년 전
우리동생님들 정말 고생했습니다...,5년 전
다들 수고하셨습니다 이제 편히 쉬세요❤,5년 전
실력으로 진거니까 할말 없다,5년 전
말로 표현할 수 없을만큼 큰 감동을 준 우리 대표팀!!! 너무 잘했어요🥰🥰,5년 전
잘했다 잘했어. 여기까지 온것만 해도 정말 잘한거지,5년 전
아쉬운 모습들도 몇 있어지만 즐거운 새벽을 안겨줘서 감사합니다! 태극전사들 정말 자랑스럽습니다!!,5년 전
'준우승의참뜻은 위에 1명밖에 없다는것이다',5년 전
"0:08 초부터 이강인 손흥민이랑 비슷하게 생겼네~
지금도 월클이지만 이제 월클길 걷자~!!
수고했어요~",5년 전
준우승 나이스입니다!!!!!,5년 전
강인아 조만간 월컵 예선에서 보자!,5년 전
월드컵이란 세계적인 무대에서 전혀 기죽지 않고 투지와 끈기로 악착같이 결승전 까지 온거에 대해 충분히 자부심 느껴도되고 후회 할 필요 전혀 없다.. 대한민국이라는 아시아에 아주 작은 나라가 준우승한게 얼마나 대단한건지 국민들은 알고 악플보다는 고생했다는 한마디씩 해주면 좋겠다!!!! 정말 잘했다 u20국가대표 선수들!!!!!!!!!!!!🇰🇷🇰🇷🇰🇷🇰🇷🇰🇷🇰🇷🇰🇷🇰🇷❤,5년 전
연예인병 걸린게 20대가 전의를 불태우는 모습이라는건 뇌피셜이지??,5년 전
"FIFA 주관 대회에서는 비록 U17이지만 대회우승. 골든볼. 골든슈. 3관왕입니다.
이강인 선수 이번에 골든볼 축하합니다.",5년 전
ㅇㅈ,5년 전
손흥민같이 생김,5년 전
@한무김수 비교하는 게 아니자나,5년 전(수정됨)
"난 원래부터 살짝 닮았다고 느낌
나만 그런 줄ㅋ",5년 전
눈매랑 눈동자 많이닮음,5년 전
"진짜 준우승까지 할줄 누가 알았을까.....
선수들 모두 너무너무 수고했어요!👍🇰🇷⚽️",5년 전(수정됨)
준우승의 참뜻은 우리 위에 한팀밖에 없다는 것.,5년 전
진짜 멋있었습니다,5년 전
여러분 패배라는 말은 안어울리는것 같아요  무려 준우승이라는  대단한 역사를 썻잖아요  자랑스럽습니다  아쉬움은 없어요 최선을 다해줬고 잘했는걸~♡,5년 전
ㅎㅎ늦은 새벽에 봐도 너무 즐거웠고 너무 수고많으셨어요,5년 전
아기 호랑이들 멋있었어 고마워,5년 전
한국 축구의 미래와 가능성을 보여준 선수들이기에 아쉽지않다 대한민국이 준우승한 것만으로도 엄청난 성과고 이강인이라는 엄청난 보석을 볼 수 있어서 너무행복했고ㅜㅠ 우리 더 감사합니다,5년 전
정정용감독님은 정말 멋진 지도자이신듯...우리 축구에서 새로운 지도자의 모습을 보여주신것 같습니다. 고생많으셨고 준우승 축하드려요.,5년 전
후회 좀 해라..솔직히 이번 경기는 최악이었다.,5년 전
강인이는 증~~말 후회가 없을수밖에 없다 ㅋㅋㅋ 진짜 다보여주고 왔고 떠먹여주는 패스 얼마나 많이 뿌려줬는지 보면 ㅎㅎ  고생했다!!,5년 전
눈물흘리지 않는 모습도 보기 좋아요.  준우승도 너무 잘한겁니다. 축하드려요~!!!,5년 전
주의 대천사는 미카엘 유시아 출몰 가능성 있습니다 조심하세요 병신 2명이 출몰하면 그냥 어머니가 돌아가신 충격으로 저렇게 한국 욕하고 다니는 거구나 생각해주십시오,5년 전
올림픽 아시안 월드컵까지 쭉쭉 올라가자 정정용감독님 개고생하셧습니다..성인팀감독 하셔야죠,5년 전
이규혁선수~!  고생많으셨고 이제부터 날아오를겁니다~! 화이팅~!!!,5년 전
아니 내가 우리나라 축구 결승전을 보게되다니,5년 전
하루종일 정말 응원한 보람이 있네요!!! 결과에 후회하지않고 최선을 다해 뛰어준 대한민국 국가대표팀!!!! 항상 응원합니다~~~ 강인이도 골든볼 추카추카!!!!!!!!!! 항상 겸손한 자세로 감사할 줄 아는 그 모습 잃지않고 월클로 가자!!!!!,5년 전
멋진 주장 황태현 선수...너무 고생했고 수고했어요~! 늘 응원할게요~!,5년 전
"회원가입 없이 터치 두번이면 가능한 유망주 투표 53번 이강인에게 투표하고
대한민국의 힘을 보여줍시다
https://t.co/cFUPYjIFDo",5년 전
수고했어여~ 덕분에 너무 행복했어여^^,5년 전
모든 선수들 고생하셨습니다.. 항상 응원하겠습니다! 서로 시기 질투없는 느낌이 들어서 너무 보기 좋네요..항상 서로 응원해주면서 더 발전해 나가길 바라겠습니다 고생하셨고 자랑스럽습니다,5년 전
아시아 최초 골든볼인가요?,5년 전
빛광연...지금부터 시작입니다. 늘 응원할게요,5년 전
너무멌있다아 항상열심히 뛰어주셔서 너무감사합니다,5년 전
아....나는 왜 청승맞게 눈물이나냐ㅋㅋㅋㅋ고생한걸 우승으로 보답받고싶었을텐데 너무 속상하다...잘해줘서 고맙습니다!!!!,5년 전
잘했다. 최선을 다했고 대표팀답게 경기했다. 앞으로도 응원합니다~,5년 전
정말 정말 정말 잘했습니다 대한민국선수들  u20월드컵모험이 비록 준우승이지만은 정말 자랑스럽습니다♡♡♡,5년 전(수정됨)
"정말 아쉽다,,,,,,,,정말 아쉽다 정말 아쉽다..........너희가 있어서 즐거웠다!!!  화이팅!!!",5년 전
그동안 고생했고 나중에 다들 성인대표팀에서 만납시다,5년 전
멋지다. 뭔말이 필요해,5년 전
"선수들,감독,코치들 고대로 국대에서 봤으면 좋것다~",5년 전
크으 한국에다 픽 안하니 300 따부렸으~ 이번 결승 초반부터 골 먹혀서 조마조마 했는데 역시 실력대로 우크라이나가 참교육을 해줘서 고마울뿐  ㅋ 잘먹고 갑니데이~ 꺼~~~~어억ㅋㅋㅋㅋㅋ,5년 전
슛돌이 시절 부터 골든볼 받을줄 알았어..,5년 전
"절대로 못한게 아니다
최초 결승이고 최초 준우승이다
당당하게 어깨 피고 다들 K리그에서 달리자~",5년 전
"대천사는미카엘,유시아,개새끼 주의보

다시 한번 더 알려드립니다.

대천사는 미카엘,유시아,개새끼 주의보",5년 전
모두들 이제부터 날아오르시길~!!!!!!!,5년 전
정신승리들 뒤지게하네,5년 전
"공격, 수비, 패스, 골결정력, 슈팅에서 우크라이나에 개쳐발렸음 할 말 있음 안되지 솔직히 그냥 유럽의 벽을 느꼈고  대진운이 좋았다고 생각해야 할듯",5년 전(수정됨)
그래요. 자부심을 느낄만합니다. 진짜 축하해요~!,5년 전
"자부심을 가져도 된다~~
막내형이네
자랑스런 선수들 수고많았습니다",5년 전
이강인 진짜 너무 어른스럽네....끝까지 형들만 찾네.,5년 전
오버,5년 전
@서정해 더큰 무대를 말하는거지,5년 전(수정됨)
@서정해 ㅋㅋㅋㅋㅋ그러고보니맞네요ㅋㅋ,5년 전(수정됨)
그건아니야 몇몇없으면하는애들도있지,5년 전
갑분k리그?,5년 전
싸메 U20선수들 대부분 K리그 선수들이니까요,5년 전
싸메  외국에서 뛰는 선수 별로 없고 거희 K리그에서 뛰고잇습니다ㅏ,5년 전
12 yoonee 잘했으면 잘했다 고생했으면 거생했다 말한마디 해주면되지 먼또 공격 수비 패스 골결을 쳐말하노ㅋㅋㅋ너는 저기 나가서 멀 할수있는데??ㅋㅋㅋ방구석 여포 쉐끼야 그냥 쌉치고 찌그러 져있어라ㅋㅋㅋㅋ 너보다 위대한 애들이다,5년 전
 @전혀알필요없다-n5v  잘하지 못했고 비판받을건 비판받아야죠ㅡ 새벽에 경기 봤으면 그딴 개소리는 안나올겁니다. 누가 방구석 여포인지 사리분별이 안되나 ㅡ,5년 전
"우크라이나가 잘하긴 했는데, 우리가 어디랑 붙었는지 알면서 이런소리 나오나 ㅋㅋ 최종 결과만 보고 아무말 하니까 방구석여포소리 듣지 ㅋㅋ",5년 전
12 yoonee 조편성 보시고 토너먼트 다보셨어용? 보셨으면 대진운이좋았다는 말이 안나올껀데ㅠㅠㅠㅠ,5년 전
" @12yoonee37  비판을 왜받아야되냐ㅋㅋㅋㅋㅋ
뭐 국개위원같은 특권의식 그런거냐ㅋㅋㅋㅋ",5년 전
igosro83 뭔 앞뒤가 안맞냐 형들만 찾는데 어른스럽다니 반대 아님? 형들만 찾으면 애기같은건데,5년 전
 @ndiekj  공을 형들한테 돌려주고 본인보다는 형들을 언급하는 어른스러운 인터뷰를 한다는 뜻인듯,5년 전
산송인 맥랑맹이면 책 좀 읽자,5년 전
김정민은 후회좀해라,5년 전
"이강인은 말을 잘한다. 말 속에 태도와 인사이트,  통찰력이 있다. 그것은 성숙하게 보이게끔한다",5년 전(수정됨)
"진짜 이강인은 실력적으로만아니라
인성도 칭찬받아야 할부분이다
인터뷰 내내 형들,코칭스태프들 덕이다...",5년 전
졎잘싸👍👍👍,5년 전
하 김정민 김현우가 다말아먹음 감독은 왜저새끼들 안빼는지 모르겠다,5년 전
도쿄 올림픽 ㅈ나기대된다..,5년 전
나이도 어린데 진짜 대단하네요. 진짜 멋있습니다 이강인씨,5년 전
이강인 모습에 손흥민 아우라가 보이네 이제 우린 손강  이 둘이 있다,5년 전
수고하셨습니다. 정말 결승전을 펼쳐주신 것만으로 저희 국민들도 자랑스럽습니다. 이제 악플 보지마시고   편히 쉬세요💝. 태극전사들 멋있습니다!!!.,5년 전
한국축구의 미래는 밝다,5년 전
"53번 이강인
https://m.tuttosport.com/sondaggi/calcio/golden-boy/2019/06/14-57979008/vota_il_golden_boy_2019_le_100_nomination/",5년 전
무려 준우승이다. 자랑스럽다!,5년 전
아시아 최초는 아랍에미레이트에 이스마일 마타르인데 8강진출 했는데 받은거기도 하고 개최국이 아랍에미레이트라 골든볼 수상은 개최국버프 받아서 받았다고 보여지네요,5년 전
첨에  조별리그도 통과못한다고 욕했는데  2위까지  ㄷㄷㄷㄷ   최고다,5년 전
"우리선수들 잘했다!! 덕분에 행복했어요
이강인 선수는 아시아최초에 14년만에 메시 이후로 18살 골든볼이라고 합니다 진짜 대단한거에요 다들 너무 자랑스럽다!!!",5년 전
좀 아쉽긴 하네 수비 미필차이 차이가 너무나서..,5년 전
잘했습니다. 오랜만에 축구보면서 뜨거운 날을 보낼 수 있었습니다. 진짜 잘했어요!!!!!,5년 전
"""후회 같은 거 안 해요"" 진짜 노력한 사람만이 할 수 있는 말",5년 전(수정됨)
결승은 충분히 자부심 느낄만 하다 16강 8강도 대단한데 결승은 더 더욱 자부심 느껴라,5년 전(수정됨)
김정민은 k리그에서 뛰던지 말던지 관심 없지만 국대에서는 니가 뽑혀도 걍 국대 오지말자,5년 전
이거 올려주세요!,5년 전
용지민선수가 쟤네 다 밟아버렸으면좋겠다 브라질 국대로 출전했던데 걍 브라질 귀화해라 용지민!!,5년 전
맞는 말이죠 ....,5년 전
 @user-zx1rx2mg4y  완전공감공감 ㅠㅠ,5년 전
" @herewigo  😭 선수들 덕분에 잠시 웃고 울고, 오랜만에 즐거웠어요.......",5년 전
ㄹㅇ맞아요ㅠㅠ,5년 전
"저 말은 진짜 자기가 최선을 다했을때 할 수 있는 소리. 나같은 어중개비들이나 후회하지.

28이지만 존경합니다 강인이형",5년 전
헝그리정신이 없네 망했다 마인드부터가...,5년 전
 @유후바라기_11  헝그리도 적당해야 헝그리정신이지 1위만 떠받드는거부터 망한 마인드임 이번에 최초로 결승간건데 다른 강국 다꺾고 간건데,5년 전
 @유후바라기_11  꼭 시비제끼는 고아샛기들이 있네 ㅋㅋㅋㅋㅋㅋㅋㅋ,5년 전
"비록 우승을못했다? 아닙니다.
무려 준우승을한겁니다.
자랑스러워요 선수분들고생하셨습니다ㅎ",5년 전(수정됨)
"에고 이규혁 선수  잘 견뎌줘서 감사해요.
내가 다 눈물이 나네...
우리 선수들 덕분에
너무 즐겁고 설레이는 한달이었어요
선수단 한 분 한 분  모두  다 수고하셨고
감사합니다.",5년 전
미카엘 출입금지🚫,5년 전
11:06,5년 전(수정됨)
우리나라 선수들 너무 고생 많았고 수고하셨어용,5년 전
멋있다 ㅋㅋ,5년 전
아니 시작할때 손전등 비치고 있네..... 반짝거려서 못보겠다,5년 전
"서로 대화 많이 나누고 쉬었으면 좋겠당
선수들은 당연히 아쉽겠지만 너무 상심하지 말고 몸도 마음도 얼른 회복되길🙏",5년 전
"준우승이라는 새로운 역사를 써주셨잖아요!!! 진짜 너무너무 고마워요❤️❤️
수상하기전에 선수들 눈물 흘리는거 보고 마음이 너무 아팠음 ㅠㅠ 🥺어린선수들 너무 고생많으셨고 수고하셨습니다 준우승 축하드려요👏❤️이강인선수 골든볼도 너무 축하드려요🏆🏆❤️❤️",5년 전(수정됨)
수고하셨습니다 대표팀 이번엔 꼭 우승가자! 화이팅!,5년 전
강인 멘탈이 참 좋은거 같다. 경기 져서 아쉽고 속상도 할텐데 참 당돌하고 무덤덤해 하니까 마음이 놓여~,5년 전(수정됨)
ㄹㅇ 이강인 이광연 ㅈㄴ잘했다 솔직히 말하자면 김정민은 이번대회에 진짜 아니더라,5년 전
후회를 안하면 안되는 사람들이 몇 있을텐데?,5년 전
너무 멋져요~!,5년 전
열심히 뛰어준 우리 선수들!!정말 수고하셨습니다👏👏준우승도 너무 대단하고 행복한 6월 만들어 주셔서 감사합니다❤,5년 전
후회안한다고해서 다행이다ㅠ 진짜 수고많으셨어요!! 앞으로도 기대되는 선수들이네요ㅎㅎ,5년 전
와 미친 내가 살아있는동안 한국이 월드컵 준우승도 하네,5년 전
어먼상 감스트형이 널아낀다 화이팅,5년 전
역사에 남을 준우승입니다 ~~이보다 더 좋은결과가 또 이루어질까요? 우리어린 선수들 수고했고 고생많으셨어요~~,5년 전
"우리선수들 정말고생 많으셨습니다.
다시한번 꿈꿀수 있게 해주셔서 감사합니다!
다만 인터뷰 4:52 '결과는 좋지않았다'는 질문은 아쉬운 표현 인것 같습니다.
우리나라 U-20대표 선수들 값진 준우승 진심으로 축하합니다! 이제 어깨 쫙펴고 돌아오십시요. 선수들 정말 고생 많으셨습니다!",5년 전
굳~,5년 전(수정됨)
@쿨피스 ㅋㅋㅋㅋㅋㅋㅋㅂㅅ,5년 전(수정됨)
쿨피스 걍 닥쳐ㅋㅋ 욕패티시 있냐,5년 전
쿨피스 어우 역겨워,5년 전
결승 간 것도 대단한 겁니다,5년 전
"@쿨피스  진짜 이런 새끼들 모아서 국가대표팀
선수들 맞대면하고 같이 훈련하고 선수들이랑  경기하면서 털려봐야됨 그래야 '아 내가 뭐라할 처지가 아니구나' 라고 뼈저리게 느끼지 ㅂㅅ들",5년 전(수정됨)
" @guziyee  아니 그냥 팩트를 말한거뿐인데 왜케 욕들임. 물론 준우승도 엄청 기적이지만, 쨋든 팩튼데 왜케 부들거리는거임",5년 전
"2등이나 예선탈락이나 똑같음 
트로피 주인은 우크라이나",5년 전
"미니 저기요,, 의도가 존나 비꼬는게 보이는데 그걸 ‘아 팩트구나 닥쳐야지’ 이렇게 생각하고 넘어가야되나요? 수고했고 힘내라는 글에 저런 답글은 시비라고밖에 이해가 안되는데요?",5년 전
죽음의조에서 16강 가는 것도 어렵다고 생각했는데 무려 준우승까지 가주셔서 감사합니다!,5년 전
 @Kanemochib  그냥 냅둬요ㅋㅋㅋㅋ 저런 사람들 부류가 남 잘되는 꼴 잘 못보는 사람들이라 걍 무시하는게 나아요,5년 전
저논리대로라면 우리가 빌게이츠보다 돈 못버는것도 팩트 김정민보다 축구 못하는것도 팩트 수능 하나틀린사람한테 가서 만점자보다 못한게 팩트 ㅇㅈㄹ 세상에 대부분 잣대가 다 팩트임 ㅋㅋㅋ 어휴,5년 전(수정됨)
 @sjs592  ㅇㅈ 누구나 다 아는걸 지들만 아는듯이 팩트ㅇㅈㄹ하고 있음 그리고 이런놈들이 반박당하면 그냥 팩트를 말한것뿐인데ㅇㅈㄹ,5년 전
 @월8000만원의행복  그럼 중국이랑 아르헨티나랑 같네? 어짜피 둘다 우승못했는데 이번월컵에서,5년 전
같은 사실을 두고 바라보는 관점의 차이지 무려 준우승을 했다 vs 우승 못했다 열심히 노력해서 전에 없던 결과를 만들어준 선수들한테 어떤 표현이 더 어울릴지 생각좀 하고 뱉도록하자 방구석여포새꺄,5년 전
멋집니다~수고하셨습니다~~,5년 전
잘한건맞는데  유럽을 저번에도 이번에도 이기지못했다 입니다,5년 전
용지민선수가 쟤네 다 밟아버렸으면좋겠다 브라질 국대로 출전했던데 걍 브라질 귀화해라 용지민!!,5년 전
진경기는 안옴 . 이긴경기 깽판전문이라,5년 전
저런기자는 월드컵에못나가요,5년 전
따오기 용수옹????ㅋㅋㅋㅋㅋㅋㅋㅋ,5년 전
준우승이 결과가 안좋았다는게 아니라 결승전 경기에서 결과가 좋지 않았다는거 아님?,5년 전
" @조정호-s1l  네 저도 그내용임은 알고 있습니다. 기자의 말한마디에 꼬투리 잡고자 함이 아닌, 정말 자랑스럽게 싸워준 선수들에게 경기결과가 좋지않았다는 표현이 아쉬울만큼 우리선수들이 너무도 잘해주었고 대견했기에 의견을 남긴것입니다.",5년 전
질문하시는 분이 결과가 좋지않았다라는 말은 안해주셨으면...🥺 우리 유이공 선수들 준우승도 고마워요!!!!!!,5년 전(수정됨)
"아쉽게 끝났지만, 준우승도 멋있다!!!!",5년 전
강인이 말하는거 넘 귀엽다,5년 전
기자분 아시아 최초의 골든볼은 아닌데... 자료조사 조금만 더 해주시지 아쉽네요,5년 전
지랄하네,5년 전
"진짜 수고했다.
얘들아 나라를 빛내줘서 고맙다.
수고했고, 푹 쉬어라.
그리고 다음에 잘하자.
그리고 선수 인스타가서 욕 하는 냄비근성 토쟁이들은 정신 좀 차려라.",5년 전
올림픽에서  메달따라고 우승 이번에 안준거같다 이렇게 생각하자!  화이팅~잘햇다,5년 전
황태현 미친듯이뛰더라 상대방패널티부터 우리패널티까지 다른수비수가똥싼거치울라고 미친듯이뛰더라 활동량보고놀랬다 주장이란게 괜히주장이아닌거같다,5년 전
선수단 여러분 모두 수고하고 애 쓰셨습니다,5년 전
이미 좋은 성적이고 자책안했으면 좋겠어요 마음고생 하지 말아요 선수들 진짜 수고했어요 한달동안 즐거웠습니다:),5년 전
울지마세요! 자랑스럽고 고생 했습니다. 당신들은 우리의 자랑이자 영웅이고 사랑입니다. 앞으로 대한민국 국민들은 당신들과 행복했으면 종겠습니다.,5년 전
우리선수들 잘했어요!! 👏👏👏 이강인선수 골든볼 축하드립니다😊,5년 전
그래 솔직히 아쉽지도않았고 질만한 경기력이었음,5년 전
아쉬웠지만 미련가지지 않았네요 최고의 경험 했으니깐 다음번에 잘하면 되지요!! 준우승은 나쁜말론 1위를 못했다는 거지만 좋은말론 우리 위에 1명뿐인거잖아요 대한민국 화이팅!@!,5년 전
내가 살아있을 때에 피파 결승전을 보는것만으로도 영광이였습니다. 고맙습니다,5년 전
귀엽고 든든하고,5년 전
진짜 고생하셨습니다,5년 전
엄원상ㅈㄴ잘하는데ㅠㅠ,5년 전
"수고많았어요!!~
언제나 응원합니다^^🤗",5년 전
"한국선수 최초 골든볼 수상자가 아니라 
한국남자선수 최초 골든볼 수상자입니다! 
여자축구 여민지, 지소연선수가 먼저 골든볼을 수상했으니까요!",5년 전
안좋았던건 맞으니까,5년 전(수정됨)
" @박준혁-u2p ""안""좋았던건 맞으니까",5년 전
 @홍길동-n6y9l  실수ㅎㅎ,5년 전
안좋았다보단 아쉬웠다가 듣기 더 좋아보아는데...,5년 전
용지민선수가 쟤네 다 밟아버렸으면좋겠다 브라질 국대로 출전했던데 걍 브라질 귀화해라 용지민!!,5년 전
진짜 메달 받아라... 진짜,5년 전
응 금메달 아니야~~,5년 전
올림픽은 3위만해도 면제다 멍청아 ㅅㄱㅋㅋ,5년 전
2002년 멤버들도 특혜 받았는데 이 친구들도 준우승을 높게 사서 병역 특혜 받으면 좋겠네요!,5년 전
 @Naulisgood  그러면 좋겠지만 u20이 걸릴것같네요 ㅠㅠ,5년 전
근데 축구센스가 없음,5년 전
 @짱구짱-e2b  타고난 재능은 크지않은것 같지만 열정은 ㄹㅇ 임정,5년 전
 @lsmjl9624  후방에서 공잡으면 너무 뻔한 전개를 해서 상대팀이 대응하기 쉬움,5년 전
" @짱구짱-e2b  황태현 뿐만이 아니라 우리팀이 전체적으로 그랬음 반대 빈공간으로 롱패스 뿌려주는건 정말로 이강인이 유일했으니까
다른 패스들은 그냥 옆에 노마크 선수에게 주고 받기가 좀 많았음",5년 전
 @lsmjl9624  이강인은 일단 공잡으면 바로 상체페인팅으로 상대가 헷갈리게하는게 몸에 베어있음. 다른 애들은 걍 뻔한 전개,5년 전
 @우희힝-p7w  황태현은 아니지만 님은 정신병자 맞는둣 ㅋㅋ,5년 전
그냥잘했다 해주자 성인대표팀도 아니고 앞으로 대한민국축구를이끌어갈 사람들임 비난보다는 잘했다고 해주는게좋을듯,5년 전
 @짱구짱-e2b  찐특 남 잘 되는거 못 봄 ㅋㅋ,5년 전(수정됨)
또 어디서 분석 영상보고 아는척하네ㅋㅋㅋㅋㅋ,5년 전
 @우희힝-p7w  개초딩같은게 재밌나 이러면? ㅋㅋㅋㅋㅋㅋㅋㅋㅋ,5년 전
향후 대한민국은 100년간 피파 월드컵 우승컵드는날 없다.,5년 전
도쿄월드컵에서도 화이팅,5년 전
용지민선수가 쟤네 다 밟아버렸으면좋겠다 브라질 국대로 출전했던데 걍 브라질 귀화해라 용지민!!,5년 전
그니까요ㅠ태극기가 결승전에 펴져있는게 크..,5년 전
How old are you?,5년 전
^^,5년 전
 @율-t5e  문빠,5년 전
애국가울릴때 ㄹㅇ눈물남,5년 전
그러니까요 ㅠㅠ,5년 전
@김창현 너도문빠니?ㅋ,5년 전(수정됨)
 @박상준-i9w4y  시비털지마셈,5년 전
@유시아 미카엘 우희히잡는 개 부럽다 .. 진심 개부럽다 ..,5년 전(수정됨)
"마자요
언제 또 한국 팀이 월드컵 결승까지 가나 싶고..
결승까지 간것많으로 새 역사를 썼습니다
수고하셨습니다 태극전사들",5년 전
"@유시아 미카엘 우희히잡는 개 

아이디 너무 좋아 엄지척 누르고 갑니다.",5년 전(수정됨)
 @박상준-i9w4y  설마 아직 문빠가 있을리가,5년 전
"그렇게 생각하지 마시고
희망이 보였다 생각합시다
충분히A대표팀 월드컵 결승 갈수있다 생각합니다",5년 전
진짜 u20결승을 대한민국이 올라간게실화였던건진짜...,5년 전
 @ksk4737  ㅗ,5년 전
여기서도 문재인 진짜 니들은 병이다,5년 전
여축이 축구냐?,5년 전
 @민민-o9k9v  뭐라냐,5년 전
 @Yahoo-b8e  말만 축구지 마이너 중에 마이너자너 ㅋㅋ,5년 전
 @민민-o9k9v  븅신인가,5년 전
근데 솔직히 남자축구랑 여자축구는 다르게 봐야댐 다른나라도 전에 여축 골든볼 있더라도 최초라고 했을걸,5년 전
여축이라..,5년 전
네? 골든볼 이강인이 최초인데요?,5년 전
여자축구도축구냐ㅋㅋㅋㅋㅋㅋㅋ,5년 전
여축 ㅋㅋㅋㅋㅋ,5년 전
지소연도 골든볼 탔었구나. 여민지 지소연도 그당시에는 대단했는데 이번 월드컵에선 너무 실망스롭더라. 실력 정신력으로 다 밀리던데.,5년 전
"애초에 여축 월드컵 우승팀 데려와도 고교 대회 남자 우승팀이라도 이길 수 있기는 함???
여축이 여자가 해서 관심이 없는게 아니라 수준이 남자 청소년 또는 그 이하라 인기가 없는거임.",5년 전
"@해인 여자축구도 축구긴한데,
월드컵 우승했던 미국여자대표가 중딩팀한테 깨졌음ㅋㅋㅋ 수준은 확실히 낮지",5년 전(수정됨)
"아니, 남녀 통틀어 제일 잘해서 골든볼 받았다고 거짓말 한 것도 아니고 여자 축구 대회에서 골든볼 받았다고 객관적인 사실을 말하는데 왜 남자들과 비교를 하면서 깎아내리려고 하죠?
이해가 안되네요.",5년 전
" @부리지  그게 무슨 상관인가요?
여자가 남자보다 축구 못한다고 골든볼이 골든볼이 아니게 되는 것도 아닌데 그게 무슨 상관인지 전 전혀 이해가 안돼요.
애초에 이강인선수가 한국 최초 골든볼 수상자란 소리에 누군가 정정해 준 건데 그럼 몰랐다, 한국 남자선수 최초다하고 정정하면 끝날 일이잖아요.
근데 왜 사실을 인정 안 하고 여자축구에 트집을 잡으며 딴소리 하는지 전혀 이해가 안됩니다.",5년 전
@해인 내가 뛰어도 더 잘뛸거 같은데? ㅋㅋㅋㅋ 닌 축구는 해봤냐? 해봤자 학교체육축구 하고 입터는거겠지 붕신 ㅋㅋㅋㅋㅋㅋㅋㅋㅋㅋㅋㅋㅋㅋㅋㅋㅋㅋㅋㅋㅋㅋ 말하는거만 보면 여축은 무슨 혼자 개난이도로 축구하는거로 알겠네,5년 전(수정됨)
 @아음-u9j  깔만 하잖아 ㅋㅋㅋㅋ 여축이 뭐라고 월클인척을 해 ㅋㅋㅋㅋㅋㅋㅋㅋ 반박해보던가,5년 전
해인 정치 ㅈ같이하면 내가 정치안하는이상 뭐라하면 안됨?? 대가리 텅텅빈 논리로 있어보이는척하네 ㅋㅋㅋㅋ 여축 수준 개떨어지는거 말해주니 아주 보들보들하누 ㅋ 누가보면 여축대변인줄 ㅋㅋ 아무리 기어올라봐라 아무도 여축안본다 신경도 안쓰고 ㅅㄱ,5년 전
해인 노력파면 뭐해 ㅋㅋ 축구를 잣같이못하는데 ㅋㅋㅋㅋ 노력하면 누가 밥먹여주나,5년 전
해인 아무리 기어올라봤자 여축 ㅡ 중딩딱 ㅋ,5년 전(수정됨)
해인 ㅋㅋㅋㅋㅋㅋㅋ 여축 영향력 ㅇㅈㄹ ㅋㅋㅋㅋㅋㅋ 애초에 버러지 여축은 영향력따윈없는뎅 왤캐 ㅂㄷㅂㄷ 하누 글고 내가 왜 굳이 여축에서 왜뛰어 ㅋ 그딴데서 뛀빠엔 혀깨물고 자살함 ㅋ 논리로 개딸리니까 이젠 글수가지고 ㅂㄷㅂㄷ 거리네 ㅋㅋㅋㅋㅋㅋㅋㅋㅋㅋ,5년 전
고마워요 너무 자랑스러워요,5년 전
정말 잘해줬고 즐겼으면 됀거다 진짜 너무 잘해줘서 고맙습니다. 이미 새로운 역사를 썻기 때문에 박수를 받을 자격이 충분하다고 생각합니다🇰🇷🇰🇷🇰🇷🇰🇷,5년 전(수정됨)
"아기호랑이들 얼른 어른호랑이가되서 성인대표팀에서 보길바랍니다♥️ 
카타르진짜기대된다 레고",5년 전
"잘했다
스스로를 자랑스럽게 여기고
즐겁게 대회를 치뤘다면
웃고 즐기고 행복해해라!
일등지상주의
금메달 지상주의 인 대한민국에 충격을 줘라!",5년 전
수고하셨습니다!!👏🏻👏🏻 정말 자랑스럽습니다🥰,5년 전
너무너무 즐거웠습니다.,5년 전
김현우 진짜 노답이더라,5년 전
고맙다 진짜!,5년 전
진짜 잘했다,5년 전
욕좀하지말자 정신병자들아 너거 우리 모두 살면서 우리나라 피파대회 결승전 평생구경못할거 저 어린영웅들이 해준거다 고맙게생각해라 ㅁㅊ것들아,5년 전
우리는 지지 않았습니다 우리는 준우승 했습니다. 수고하셨습니다 우리 태극전사분들,5년 전
역시 주장답게 황태현 선수 말잘하네요! 내용도 좋고- bb,5년 전
크으 세계2등 캬 수고했어용~~,5년 전
그래 강인아 너는 후회하면 안돼 너는 잘했어 그 망할 6번 5번이 문제지 야 5번 6번 보고있냐? 니네는 걸어와라 통일되면 들어오라고,5년 전(수정됨)
선수들 수고많으셨습니다 항상 화이팅입니다,5년 전
손흥민 선수 보는거 같아요 ㅎㅎ 성품도 실력도 계속해서 성장해주길~^^,5년 전
"흐믓하다
유소년은 우리 미래다
이강인 화이팅
대한민국 화이팅!!!!!",5년 전
너무 수고했고 고생많이했어요❤ 패배가 아닌 준우승 넘 대단했습니다👏,5년 전
강인이는 인성이 됐다.,5년 전
후회할게 뭐있나요 준우승이나 했는데~~ 정말 축하드려요. 다들 고생했습니다~~,5년 전(수정됨)
11,5년 전
@쿨피스 갈수도 있지,5년 전(수정됨)
@쿨피스 다른선수들도 잘하는선수 충분히 많은데,5년 전(수정됨)
@쿨피스 ㅋㅋㅋ방구석에서 피파하는 새끼가 말이 많네ㅋㅋㅋㅋ 니 생활 수준은 반지하 히키코모리 수준인데 제발 방에서 나와라ㅋㅋㅋㅋㅋ,5년 전(수정됨)
@쿨피스 예언자세요? 절대라는 얘기하시는분들 보면 전부다 이불킥이던데 ㅋ,5년 전(수정됨)
@쿨피스 ㅋㅋㅋㅋㅋㅋ같잖네,5년 전(수정됨)
"@쿨피스 고등학교코치님 때려치우세요! 님은 애들 가르칠 
인성부터 키우고 오세요. 저 애들이 
당장은 힘들어도 앞으로 얼마나 발전할줄알고 절대라고 못을 박으세요? 코치라는분이 수고한 어린친구들에게 응원은 못할망정 
ㅉㅉㅉ",5년 전(수정됨)
@쿨피스 미안한데 나머지 선수들도 잘한다 최준 없었으면 결승도 못갔어 병신아 ㅋㅋㅋ 뭘 이강인 빼고 다 국대 못 온데,5년 전(수정됨)
@쿨피스 절대 국대 못한다고 단정짓는게 님이 객관적으로 말하는거에요? 제가 보기엔 그냥 악담같은데? 1분1초도 미래에 어떻게 될지모르는 상황에 무슨 신도 아니고 ㅋㅋㅋ,5년 전(수정됨)
@쿨피스 진짜 지랄중에 지랄을 하네 축구코치라는 사람이 이 ㅈㄹ하면서 국대 수준평가하는거 개지랄같아요,5년 전(수정됨)
"@쿨피스 네네 코치님! 축잘알이라 존나 부럽네요 ㅋ 진짜 코치라면 님한테 배우는 애들이 
불쌍하네요~  고등학교코치님인데
학생들한테도 여기댓글처럼 니들은 
절대 선수가 못돼! 라고 객관적으로 
얘기했겠죠? 개네들은 무슨죄입니까 ㅋ 하루빨리 그만둬요!",5년 전(수정됨)
 @어디에있나연  지랄하지말고 진짜 또 이대로가면 지금 손흥민 원맨팀처럼 이강인 원맨팀으로 되것지,5년 전
@쿨피스 너 코치하기 전에 국어 공부하고 코치해 진짜 역겨워;;,5년 전(수정됨)
@쿨피스 에휴,5년 전(수정됨)
@쿨피스 이강인빼고 다 고등학교축구부수준이라했는데 니가 고등학교 축구부감독이니까 거기에 이강인끼고 월드컵 결승가면 인정해줄게,5년 전(수정됨)
 @어디에있나연  ㅋㅋ ㅇㅈ합니다 국대를 꼭간다고한것도아니고 ㅋㅋ 왜저러는지,5년 전
@쿨피스 ㅈㄴ 우기는 수준 보니까 코치는 아닌게 판명났곸ㅋㅋㅋ 고등학교 축구부 코치 될정도로 나이먹고 그지랄하는 고등학교 축구부 코치도 있다는게 신기하고 그 고등학교 축구부가 남아있다는게 더 신기하넼ㅋㅋㅋㅋ 나였으면 축구부에서 나가거나 코치 해고시키라고 축구부애들하고 단체로 재단 이사장한테 찔렀을거닼ㅋㅋㅋㅋㅋ 아직도 그 마인드로 계속 우기면 지 주장이 어느순간에도 맞다고 하는 ㅈ튜브 ㅈ초딩이랑 다를게 뭐냐,5년 전(수정됨)
@쿨피스 ㅋㅋㅋㅋㅋㅋㅋ 축구 코치님이시구나 혹시 학교가? ㅋㅋㅋㅋㅋㅋㅋㅋㅋ 그 학교에서는 국대뽑힌애들 있나용? 여기서 국대뽑힌애들 욕하지마시고 님 학교 애들 국대뽑히게끔 연습이나 시키세요 진심 고등학생으로서 말해드리는 거지만..  현실적으로 님도 그냥하찮은 코치잖아요? 국대코치도 아니고.. 그러니 님이 들어가지 못한 국대 행님들 욕하지말고.. 님밥줄이나 챙기세요..  진짜 하찮아 보여요.. 어른들이 이야기 하는것처럼 밑바닥 기는 주제에..  알겠죠?,5년 전(수정됨)
@쿨피스 축구 조금이라도 해봤으면 축구결승팀보고 한명이 캐리했다는 소리는 안할텐데 더군다나 코치라는새끼가 할소린가 ㅋㅋ 뭐 코치도아니고 축구 해본적이라곤 줫뚱땡이새끼라 골키퍼만 끄적이다가 처맞아본적밖에 없는거같긴하다 수준이 ㅋ,5년 전(수정됨)
"@쿨피스 ㅋㅋㅋ코치로써 수많은애들을 봐오고 햇으면 쟤들이 얼마나 잘햇는지 딱알텐데요?ㅋㅋ
결승전은 체력적으로도 불리햇고 긴장도 많이햇지만 고딩수준이라는건 거의 백수 토쟁이들이나 할만한얘긴데?ㅋㅋ  어디 네이버댓글보고 하는얘기세요?
고등학교수준하고 쟤들수준하고 얼마나 차이나는지도 모르는 사람이 고딩코치?
말다햇쥬~?  결승전만보셧나봐요? 그전경기들 생각안하나요?
골기퍼선방한거 보긴함?
이강인이 캐리한거긴한데 나머지선수들이 고딩축구부실력정도면 본선도 못 올라가요 ㅎㅎ
제발좀 컨셉잡을거면 제대로 생각이란걸 하고사세여~",5년 전(수정됨)
@쿨피스 어떻게 코치란게 축구를 볼줄모르냐 4강전 연장전 승차까지가고 결승전 체력적으로 부담되고 날씨도 더웠는데 90분동안 포기하지않고 열심뛰던데 고등 축구부 수준 ㅇㅈㄹ하고있네 우리나라 이강인 후반에빠지고도 업사였지만 돌파하고 골을 넣은 경기도있는데? 이강인이 정말 잘해준선수는 맞지만 다른선수들도 잘했다 축알못아,5년 전(수정됨)
"결국 팩트는 이번 경기 뛴 선수들은 세계가 주목하는 피파 월드컵 결승전에서 최선을 다해 준결승이라는 멋진 결과를 이루어냈고, 모든 선수들의 노력도 인정받고, 엄청난 발전가능성도 인정받고, 확인했지만 정작,,, 국대 선수들 비난하는 불쌍한 쿨피스는 어디 촌동네에서 코치인지는 모르겠지만 ,, 그 누구도 알아주지 못 하지만,,,,,, 유튜브 댓글에서 자기만의 기준으로 상대의 모든 노력을 무시하고 까내리는 수준이란 ,,, 풉,,키,,,풉 ,,, 애잔한거 본인 제외 다 알아,, ㅇㅈ? 제발 남에게 충고하고 싶고 조언하고 싶으면 좀 잘난게 있던가,, 글구 잘난게 있어도 근거없는 비난은 절~대 성립 못 해 ㅜㅜ 코치란 작자 인성보니,, 그 아래에서 훈련받는 선수들이 불쌍햄,,",5년 전
미안한데 이강인없었으면 결승못간거 팩트야,5년 전
@쿨피스 만나실래요? 영남고등학교 축구부인데 고2학생인데 싸콩이라고 축구 클럽도 다니는데,5년 전(수정됨)
@쿨피스 어디축구부 코치이신데요 직접갈수도있는데 말하는수준도 개같잖던데 업적좀 보여주시고 u-20선발 님이죽어라 가르쳐도 절대 못갑니다.,5년 전(수정됨)
@쿨피스 오타 가 드럽게 많으시네요 요즘코치는 교육 안받은 사람만 뽑는가 갑네,5년 전(수정됨)
@쿨피스 님이 무슨 국대 코치세요?ㅋㅋㅋㅋㅋㅋㅋㅋㅋ,5년 전(수정됨)
 @jordand698  누가 이강인없어도 결승간댔나 ㅋㅋ,5년 전
@쿨피스 그래서 님은 국제대회 경험해보시고 얘기하는거죠???,5년 전(수정됨)
@쿨피스 우왕 님 밑네거 배울 고등학생들이 멈 불쌍해요ㅠ,5년 전(수정됨)
카타르는 이강인밖에 못 올듯 쟤네 다 오려면 그 다음 월드컵은 되야하지 않나,5년 전
@쿨피스 ㅠ 코치고 뭐고 일단 병원진단이 필요할거같아요.. 세상이 힘들어져서 그런가 마음의 병있는 듯 꼬인 사람들이 많에요 . 열등감이 커서 일수도 있어요. 코치어쩌고 하는 것 보니까 에공,5년 전(수정됨)
"@쿨피스 그리고 본인같은 객관적인 사람이 필요하다는 괴상한 말을 하는데 본인은 객관적이라기 보다 그저 인성이 부족해 보여요. 이 동영상에 굳이  저런 댓글쓰는 것 자체가 ㅠ 요즘 그놈의 팩트팩트 좋아하는데 팩트, 객관적이라는 등의 말로 커버하지 말구. 이 동영상에 꼭 그런말 하고 싶어하는 본인의 인성을 좀 돌아보시기를 바래요 ㅠ",5년 전(수정됨)
@쿨피스 어느정도 맞는말임. 그래도 이광연 엄원상 최준까지는 국대노릴만함. 나머지애들은 현 국대랑 비교불가능한 하위호환,5년 전(수정됨)
@쿨피스 미안한데 아직20살도안된얘들인데 이걸 결정지어버리네 ㅋㅋㅋㅋㅋㅋㅋㅋ 누가보면 지가 부모인줄알겠네 ㅋㅋㅋㅋㅋ,5년 전(수정됨)
@쿨피스 쟤닉네임이 왜 쿨피스인지알아요?피파하면서 쿨피스마시고 피가없고 피대신 쿨피스로 가득 차있기때문이에요,5년 전(수정됨)
@쿨피스 어디 코치에요 구라치지말고 까보세여 이런 인성에 어떻게 코치에요 어디 고등학교코치인지 알려주세요,5년 전(수정됨)
@쿨피스 너검마~,5년 전(수정됨)
@쿨피스 하 .. 답답하네 축구 이강인 혼자 해서 결승 갔습니까? 모두가 함께 뛰어서 결승에 간 겁니다. 그리고 이강인 선수가 최준 선수에게 어시를 해서 이강인이 다했다는 듯이 말하는데 최준이 있었기에 마무리가 가능한겁니다;;,5년 전(수정됨)
절대는 아니더라도 대부분이 못오는건 맞는데 ㅋㅋ,5년 전
"이강인 선수가 밥상 차려준건 뭐 다들 아시는 부분이지만 ""모두""가 있었기에 가능했습니다",5년 전
@쿨피스 주제파악이나 하고 찌그러져있으렴 아가야,5년 전(수정됨)
쿨피스 축구코치래ㅋㅋㅋㅋㅋㅋ 가짢지도 않네ㅋㅋ 그렇게 선수파악 잘되면서 왜 선수생활은 하다말았고 왜 고등학교 축구부 코치밖에 못함? 국대코치정돈 돼야지 ㅋㅋㅋ 지는 본적도 없는 사람한테 꼽주면서 지선수도 아닌 사람한테 코치니까 개기지말랰ㅋㅋㅋㅋㅋㅋ댓글 하나하나 골때리네ㅋㅋ 그리고 국대가 괜히 국대냐? 쟤네 코칭할 실력도 안되면서 아니 같이 한번 뛰어볼 실력도 안되면서 어디서 지적질이니.. 다물고 가만히 있자 좀ㅋㅋ 축구 입으로 하는 ㅅㄲ들 중에 진짜 축구 잘하는 사람 못봤다,5년 전
@쿨피스 오세훈 선수나 이광연 선수는 객관적으로 봐도 엄청 잘했는데요?,5년 전(수정됨)
@쿨피스 지. 전문가라고 자뻑 오지는데 진짜 전문가보면 니랑 수준차이 오져;;,5년 전(수정됨)
쿨피스 그래서 어디 축구 코치이죠? 찾아가서 같이 얘기 해봐도 될까요?,5년 전
쿨피스 정정용감독이 보면 얼마나 가짢을까 ㅋㅋㅋㅋㅋㅋ 그만 떠들어대시죸ㅋㅋㅋㅋㅋ 말할수록 본인만 초라해짐ㅎ,5년 전
오글..윽,5년 전
ㅇㄱㄹㅇㅂㅂㅂㄱ,5년 전
너무 뭐라하지 마셈,5년 전
ㅁㅊ놈..ㄷㄷ 사상이 왜그러냐,5년 전
5번은 남아공때 골도 넣음,5년 전
맞춤법부터 다시 배우고 오세요...,5년 전
 @정정현-g7w  골을떠나서 결승까지 이끌어준게 모든선순데 왜저래 욕하는지 어휴ㅉ,5년 전
 @득점권주자삭제담당  ㅇㅈ,5년 전
 @gkaanswn  맞춤법 타령이네ㅡㅡ? 뭐가 틀렸는데?,5년 전
@브베사탄 당연히 u20못뛰지 나이가 u20이 넘는데,5년 전(수정됨)
 @gkaanswn  되 돼 이거? 하여간 문법나치들 세종머왕님 한테 머가리깨져봐야 정신차리지 그렇게 잘나셨으면 국문학 교수를 하시지 여기서 유튜브 문법교정사를 하고계십니까?,5년 전(수정됨)
ㅋㅋㅋㅋㅋㅋㅋㅋ 지가 틀려놓고 존나게 아둥바둥하네,5년 전
ㅋㅋㅋㅋㅋㅋㅋㅋ그래놓고 수정한거봐 ㅋㅋㅋㅋ 귀여워~~^^,5년 전
지가 뭐라도 되는줄아나ㅋㅋㅋㅋ,5년 전
"후회할게 있니? 준우승 실력도 안되는것들이 이강인, 골키퍼 때문에 가게 된건데 ^^",5년 전
살면서 월드컵 결승을 보게 해주셔서 감사합니다,5년 전
강인아 이름답게 강인하구나!!! 울었으면 형이 실망했을거다 후회같은거 안한다는 말 들으니까 너가 세계최고의 선수로 성장 할 수 있다고 형은 믿는다!!,5년 전
"준우승이라는 값진 것을 얻었네.
몸고생 마음고생 많이 했을텐데...
좀 쉴 필요가 있음 ㅇㅇ.
고생하셨습니다 자랑스러운 붉은 악마!",5년 전
다들수고하셨습니다!! 푹쉬시고 다음을 위해 또 열심히 달리시길 응원하겠습니다!,5년 전(수정됨)
진짜 고생하셨습니다 홧팅!,5년 전
강인이는진짜리더감이다,5년 전
결승보니 체력 문제가 있더구먼. 쩝. 우크라이나랑 급이 다르더라. 그래도 수고했다.,5년 전
우승했으면 더 좋았지만! 그래도 우리 한국 대표팀 수고했어!! 다음에 월드컵할때는 이기자! 화이팅! 그리고 강인이 축하해~!! 준우승은 우리한국의 자랑이다!,5년 전(수정됨)
그대들은 저희들의 영웅입니다 수고하셨어요 감사했습니다,5년 전(수정됨)
"수고하셨어요.
이강인뿐만 아니라 다른선수들도.
자라나는 새싹.",5년 전
다음 대회는 이강인 못나오나요?,5년 전
정말 잘함,5년 전
진짜 u20월드컵이라는 국제대회에 나가서 준우승 진짜 잘했다~,5년 전(수정됨)
진짜 수고하셧씁니다,5년 전
귀요미 아기호랑이들 덕분에 행복했다아😍 고맙다,5년 전
말잘하네^^수고하셨습니다!! U20 월드컵기간동안 재밌었어요^^,5년 전
진심 고맙다 역사에 길이남길 말이다,5년 전
"다들 진짜 고생했다! 덕분에 6월이 즐거웠고, 앞으로 잘 성장해서 한국 축구 이끌어가는 선수들이 되길!",5년 전
"패배가 아닌 준우승이다 
준우승 정말 대단하다 !!",5년 전
뭔솔 우리 선수들이 얼마나 노력을 하셧는데,5년 전
모든 선수 다 잘햇어요!,5년 전
ㅈㄹ을하고 자빠졌네..,5년 전
뭐라노 대머리새끼가,5년 전
 @강소하-z3y  너 대머리냐 ㅋㅋ 갑자기 대머리드립은머냐 ㄱ,5년 전
